,Movie Name,IMDB Rating,Release Year,Runtime,Genres,Directors,Summary,Writers,Stars,User Reviews,Critic Reviews,Metacritic Score,Budget,Gross Box Office Worldwide,Certificate,Popularity Ranking,Duration
0,Whiplash,8.5,2014,1h 46m,"Drama, Music",Damien Chazelle,A promising young drummer enrolls at a cut-throat music conservatory where his dreams of greatness are mentored by an instructor who will stop at nothing to realize a student's potential.,Damien Chazelle,"Miles Teller, J.K. Simmons, Melissa Benoist",1400,586,88.0,3300000,"$49,396,747",A,177,106
2,Modern Times,8.5,1936,1h 27m,"Comedy, Drama, Romance",Charles Chaplin,,Charles Chaplin,"Charles Chaplin, Paulette Goddard, Henry Bergman",340,121,96.0,1500000,"$458,676",G,4439,87
3,C'era Una Volta Il West,8.5,1968,2h 45m,Western,Sergio Leone,A mysterious stranger with a harmonica joins forces with a notorious desperado to protect a beautiful widow from a ruthless assassin working for the railroad.,"Sergio Donati, Sergio Leone, Dario Argento","Henry Fonda, Charles Bronson, Claudia Cardinale",799,143,80.0,5000000,"$5,434,825",U,1116,165
4,The Prestige,8.5,2006,2h 10m,"Drama, Mystery, Thriller",Christopher Nolan,"After a tragic accident, two stage magicians in 1890s London engage in a battle to create the ultimate illusion while sacrificing everything they have to outwit each other.","Jonathan Nolan, Christopher Nolan, Christopher Priest","Christian Bale, Hugh Jackman, Scarlett Johansson",1600,363,66.0,40000000,"$109,676,311",U,244,130
5,Casablanca,8.5,1942,1h 42m,"Drama, Romance, War",Michael Curtiz,A cynical expatriate American cafe owner struggles to decide whether or not to help his former lover and her fugitive husband escape the Nazis in French Morocco.,"Julius J. Epstein, Philip G. Epstein, Howard Koch","Humphrey Bogart, Ingrid Bergman, Paul Henreid",1400,211,100.0,950000,"$4,497,613",U,277,102
6,The Shawshank Redemption,9.3,1994,2h 22m,Drama,Frank Darabont,"Two imprisoned men bond over a number of years, finding solace and eventual redemption through acts of common decency.","Stephen King, Frank Darabont","Tim Robbins, Morgan Freeman, Bob Gunton",1000,193,81.0,25000000,"$28,884,504",A,46,142
7,The Usual Suspects,8.5,1995,1h 46m,"Crime, Drama, Mystery",Bryan Singer,"A sole survivor tells of the twisty events leading up to a horrific gun battle on a boat, which began when five criminals met at a seemingly random police lineup.",Christopher McQuarrie,"Kevin Spacey, Gabriel Byrne, Chazz Palminteri",1400,147,77.0,6000000,"$23,341,568",A,378,106
8,Parasite,8.5,2019,2h 12m,"Comedy, Drama, Thriller",Bong Joon Ho,Greed and class discrimination threaten the newly formed symbiotic relationship between the wealthy Park family and the destitute Kim clan.,"Bong Joon Ho, Han Jin-won","Kang-ho Song, Sun-kyun Lee, Yeo-jeong Cho",3400,600,96.0,11400000,"$263,020,130",A,165,132
10,The Departed,8.5,2006,2h 31m,"Crime, Drama, Thriller",Martin Scorsese,An undercover cop and a mole in the police attempt to identify each other while infiltrating an Irish gang in South Boston.,"William Monahan, Alan Mak, Felix Chong","Leonardo DiCaprio, Matt Damon, Jack Nicholson",2400,293,85.0,90000000,"$291,480,452",A,220,151
11,Gladiator,8.5,2000,2h 35m,"Action, Adventure, Drama",Ridley Scott,A former Roman General sets out to exact vengeance against the corrupt emperor who murdered his family and sent him into slavery.,"David Franzoni, John Logan, William Nicholson","Russell Crowe, Joaquin Phoenix, Connie Nielsen",2800,216,67.0,103000000,"$465,380,802",UA,257,155
12,American History X,8.5,1998,1h 59m,Drama,Tony Kaye,A former neo-nazi skinhead tries to prevent his younger brother from going down the same wrong path that he did.,David McKenna,"Edward Norton, Edward Furlong, Beverly D'Angelo",1600,123,62.0,20000000,"$23,875,127",R,622,119
13,The Pianist,8.6,2002,2h 30m,"Biography, Drama, Music",Roman Polanski,A Polish Jewish musician struggles to survive the destruction of the Warsaw ghetto of World War II.,"Ronald Harwood, Wladyslaw Szpilman","Adrien Brody, Thomas Kretschmann, Frank Finlay",100,139,85.0,35000000,"$120,072,577",13,469,150
14,The Lion King,8.5,1994,1h 28m,"Animation, Adventure, Drama","Roger Allers, Rob Minkoff","Lion prince Simba and his father are targeted by his bitter uncle, who wants to ascend the throne himself.","Irene Mecchi, Jonathan Roberts, Linda Woolverton","Matthew Broderick, Jeremy Irons, James Earl Jones",1100,224,88.0,45000000,"$1,063,611,805",U,461,88
17,Dances with Wolves,8.1,1990,3h 1m,"Adventure, Drama, Western",Kevin Costner,"Lieutenant John Dunbar, assigned to a remote western Civil War outpost, befriends wolves and Native Americans, making him an intolerable aberration in the military.",Michael Blake,"Kevin Costner, Mary McDonnell, Graham Greene",523,90,72.0,22000000,"$424,208,848",U,926,181
18,The Help,8.1,2011,2h 26m,Drama,Tate Taylor,"An aspiring author during the civil rights movement of the 1960s decides to write a book detailing the African American maids' point of view on the white families for which they work, and the hardships they go through on a daily basis.","Tate Taylor, Kathryn Stockett","Emma Stone, Viola Davis, Octavia Spencer",634,295,62.0,25000000,"$216,639,112",UA,760,146
19,Gandhi,8.1,1982,3h 11m,"Biography, Drama",Richard Attenborough,The life of the lawyer who became the famed leader of the Indian revolts against the British rule through his philosophy of nonviolent protest.,John Briley,"Ben Kingsley, John Gielgud, Rohini Hattangadi",321,110,79.0,22000000,"$52,767,889",U,2398,191
20,Beauty and the Beast,8.1,1991,1h 24m,"Animation, Family, Fantasy","Gary Trousdale, Kirk Wise",A prince cursed to spend his days as a hideous monster sets out to regain his humanity by earning a young woman's love.,"Linda Woolverton, Brenda Chapman, Chris Sanders","Paige O'Hara, Robby Benson, Jesse Corti",473,207,95.0,25000000,"$424,967,620",U,1381,84
23,Aladdin,8.1,1992,1h 30m,"Animation, Adventure, Comedy","Ron Clements, John Musker",A kindhearted street urchin and a power-hungry Grand Vizier vie for a magic lamp that has the power to make their deepest wishes come true.,"Ron Clements, John Musker, Ted Elliott","Scott Weinger, Robin Williams, Linda Larkin",374,152,86.0,28000000,"$504,050,219",U,1166,90
26,Life of Brian,8.1,1979,1h 34m,Comedy,Terry Jones,"Born on the original Christmas in the stable next door to Jesus Christ, Brian of Nazareth spends his life being mistaken for a messiah.","Graham Chapman, John Cleese, Terry Gilliam","Graham Chapman, John Cleese, Michael Palin",438,121,77.0,4000000,"$20,745,728",R,2582,94
27,The Sound of Music,8.1,1965,2h 52m,"Biography, Drama, Family",Robert Wise,A young novitiate is sent by her convent in 1930s Austria to become a governess to the seven children of a widowed naval officer.,"George Hurdalek, Howard Lindsay, Russel Crouse","Julie Andrews, Christopher Plummer, Eleanor Parker",542,136,63.0,8200000,"$159,428,329",U,748,172
28,Dune,8.1,2021,2h 35m,"Action, Adventure, Drama",Denis Villeneuve,Feature adaptation of Frank Herbert's science fiction novel about the son of a noble family entrusted with the protection of the most valuable asset and most vital element in the galaxy.,"Jon Spaihts, Denis Villeneuve, Eric Roth","Timothée Chalamet, Rebecca Ferguson, Zendaya",5200,488,74.0,165000000,"$400,532,619",UA,11,155
29,Amores perros,8.1,2000,2h 34m,"Drama, Thriller",Alejandro G. Iñárritu,"A horrific car accident connects three stories, each involving characters dealing with loss, regret, and life's harsh realities, all in the name of love.",Guillermo Arriaga,"Emilio Echevarría, Gael García Bernal, Goya Toledo",416,164,83.0,2000000,"$20,908,467",A,3595,154
31,Pirates of the Caribbean: The Curse of the Black Pearl,8.1,2003,2h 23m,"Action, Adventure, Fantasy",Gore Verbinski,"Blacksmith Will Turner teams up with eccentric pirate ""Captain"" Jack Sparrow to save his love, the governor's daughter, from Jack's former pirate allies, who are now undead.","Ted Elliott, Terry Rossio, Stuart Beattie","Johnny Depp, Geoffrey Rush, Orlando Bloom",2200,179,63.0,140000000,"$654,264,015",UA,281,143
35,Rebecca,8.1,1940,2h 10m,"Drama, Film-Noir, Mystery",Alfred Hitchcock,A self-conscious woman juggles adjusting to her new role as an aristocrat's wife and avoiding being intimidated by his first wife's spectral presence.,"Daphne Du Maurier, Robert E. Sherwood, Joan Harrison","Laurence Olivier, Joan Fontaine, George Sanders",381,206,86.0,1288000,"$72,275",Approved,2819,130
37,Before Sunset,8.1,2004,1h 20m,"Drama, Romance",Richard Linklater,"Nine years after Jesse and Celine first met, they encounter each other again on the French leg of Jesse's book tour.","Richard Linklater, Julie Delpy, Ethan Hawke","Ethan Hawke, Julie Delpy, Vernon Dobtcheff",583,231,90.0,2700000,"$15,936,507",A,2833,80
38,The Best Years of Our Lives,8.1,1946,2h 50m,"Drama, Romance, War",William Wyler,"Three World War II veterans, two of them traumatized or disabled, return home to the American midwest to discover that they and their families have been irreparably changed.","Robert E. Sherwood, MacKinlay Kantor","Myrna Loy, Dana Andrews, Fredric March",328,112,93.0,2100000,"$23,656,620",Approved,4067,170
41,Ratatouille,8.1,2007,1h 51m,"Animation, Adventure, Comedy","Brad Bird, Jan Pinkava",A rat who can cook makes an unusual alliance with a young kitchen worker at a famous Paris restaurant.,"Brad Bird, Jan Pinkava, Jim Capobianco","Brad Garrett, Lou Romano, Patton Oswalt",830,319,96.0,150000000,"$623,726,085",U,526,111
42,The Incredibles,8.1,2004,1h 55m,"Animation, Action, Adventure",Brad Bird,"A family of undercover superheroes, while trying to live the quiet suburban life, are forced into action to save the world.",Brad Bird,"Craig T. Nelson, Samuel L. Jackson, Holly Hunter",100,239,90.0,92000000,"$631,607,053",U,645,115
43,Network,8.1,1976,2h 1m,Drama,Sidney Lumet,"A television network cynically exploits a deranged former anchor's ravings and revelations about the news media for its own profit, but finds that his message may be difficult to control.",Paddy Chayefsky,"Faye Dunaway, William Holden, Peter Finch",423,182,83.0,3800000,"$23,690,757",UA,1615,121
44,The Exorcist,8.1,1973,2h 2m,Horror,William Friedkin,"When a 12-year-old girl is possessed by a mysterious entity, her mother seeks the help of two priests to save her.",William Peter Blatty,"Ellen Burstyn, Max von Sydow, Linda Blair",1300,230,81.0,11000000,"$441,306,145",A,642,122
45,Spotlight,8.1,2015,2h 9m,"Biography, Crime, Drama",Tom McCarthy,"The true story of how the Boston Globe uncovered the massive scandal of child molestation and cover-up within the local Catholic Archdiocese, shaking the entire Catholic Church to its core.","Josh Singer, Tom McCarthy","Mark Ruffalo, Michael Keaton, Rachel McAdams",679,512,93.0,20000000,"$98,690,254",A,725,129
46,The Wizard of Oz,8.1,1939,1h 42m,"Adventure, Family, Fantasy","Victor Fleming, George Cukor, Mervyn LeRoy","Young Dorothy Gale and her dog are swept away by a tornado from their Kansas farm to the magical Land of Oz, and embark on a quest with three new friends to see the Wizard, who can return her to her home and fulfill the others' wishes.","Noel Langley, Florence Ryerson, Edgar Allan Woolf","Judy Garland, Frank Morgan, Ray Bolger",781,158,92.0,2777000,"$25,637,669",U,838,102
47,Into the Wild,8.1,2007,2h 28m,"Adventure, Biography, Drama",Sean Penn,"After graduating from Emory University, top student and athlete Christopher McCandless abandons his possessions, gives his entire $24,000 savings account to charity and hitchhikes to Alaska to live in the wilderness. Along the way, Christopher encounters a series of characters that shape his life.","Sean Penn, Jon Krakauer","Emile Hirsch, Vince Vaughn, Catherine Keener",100,246,73.0,15000000,"$56,675,895",U,408,148
48,Groundhog Day,8.1,1993,1h 41m,"Comedy, Drama, Fantasy",Harold Ramis,A self-centered Pittsburgh weatherman finds himself inexplicably trapped in a small town as he lives the same day over and over again.,"Danny Rubin, Harold Ramis","Bill Murray, Andie MacDowell, Chris Elliott",877,138,72.0,14600000,"$71,108,591",U,1543,101
49,Logan,8.1,2017,2h 17m,"Action, Drama, Sci-Fi",James Mangold,"In a future where mutants are nearly extinct, an elderly and weary Logan leads a quiet life. But when Laura, a mutant child pursued by scientists, comes to him for help, he must get her to safety.","James Mangold, Scott Frank, Michael Green","Hugh Jackman, Patrick Stewart, Dafne Keen",1700,655,77.0,97000000,"$619,179,950",A,499,137
50,Rush,8.1,2013,2h 3m,"Action, Biography, Drama",Ron Howard,The merciless 1970s rivalry between Formula One rivals James Hunt and Niki Lauda.,Peter Morgan,"Daniel Brühl, Chris Hemsworth, Olivia Wilde",637,422,74.0,38000000,"$96,983,009",R,1110,123
51,Ford v. Ferrari,8.1,2019,2h 32m,"Action, Biography, Drama",James Mangold,American car designer Carroll Shelby and driver Ken Miles battle corporate interference and the laws of physics to build a revolutionary race car for Ford in order to defeat Ferrari at the 24 Hours of Le Mans in 1966.,"Jez Butterworth, John-Henry Butterworth, Jason Keller","Matt Damon, Christian Bale, Jon Bernthal",1500,351,81.0,97600000,"$225,508,210",UA,171,152
52,The Terminator,8.1,1984,1h 47m,"Action, Sci-Fi",James Cameron,"A human soldier is sent from 2029 to 1984 to stop an almost indestructible cyborg killing machine, sent from the same year, which has been programmed to execute a young woman whose unborn son is the key to humanity's future salvation.","James Cameron, Gale Anne Hurd, William Wisher","Arnold Schwarzenegger, Linda Hamilton, Michael Biehn",100,243,84.0,6400000,"$78,371,200",UA,623,107
53,Platoon,8.1,1986,2h,"Drama, War",Oliver Stone,"Chris Taylor, a neophyte recruit in Vietnam, finds himself caught in a battle of wills between two sergeants, one good and the other evil. A shrewd examination of the brutality of war and the duality of man in conflict.",Oliver Stone,"Charlie Sheen, Tom Berenger, Willem Dafoe",658,134,92.0,6000000,"$138,545,632",UA,891,120
54,Stand by Me,8.1,1986,1h 29m,"Adventure, Drama",Rob Reiner,"After the death of one of his friends, a writer recounts a childhood journey with his friends to find the body of a missing boy.","Stephen King, Raynold Gideon, Bruce A. Evans","Wil Wheaton, River Phoenix, Corey Feldman",767,131,75.0,8000000,"$52,287,414",U,346,89
56,Hotel Rwanda,8.1,2004,2h 1m,"Biography, Drama, History",Terry George,"Paul Rusesabagina, a hotel manager, houses over a thousand Tutsi refugees during their struggle against the Hutu militia in Rwanda, Africa.","Keir Pearson, Terry George","Don Cheadle, Sophie Okonedo, Joaquin Phoenix",700,156,79.0,17500000,"$33,882,243",UA,3359,121
58,Rocky,8.1,1976,2h,"Drama, Sport",John G. Avildsen,A small-time Philadelphia boxer gets a supremely rare chance to fight the world heavyweight champion in a bout in which he strives to go the distance for his self-respect.,Sylvester Stallone,"Sylvester Stallone, Talia Shire, Burt Young",775,190,70.0,960000,"$117,250,402",U,713,120
59,Jaws,8.1,1975,2h 4m,"Adventure, Thriller",Steven Spielberg,"When a killer shark unleashes chaos on a beach community off Long Island, it's up to a local sheriff, a marine biologist, and an old seafarer to hunt the beast down.","Peter Benchley, Carl Gottlieb","Roy Scheider, Robert Shaw, Richard Dreyfuss",1300,286,87.0,7000000,"$471,411,300",A,701,124
61,Dead Poets Society,8.1,1989,2h 8m,"Comedy, Drama",Peter Weir,Maverick teacher John Keating uses poetry to embolden his boarding school students to new heights of self-expression.,Tom Schulman,"Robin Williams, Robert Sean Leonard, Ethan Hawke",732,114,79.0,16400000,"$235,860,116",U,637,128
62,"Monsters, Inc.",8.1,2001,1h 32m,"Animation, Adventure, Comedy","Pete Docter, David Silverman, Lee Unkrich","In order to power the city, monsters have to scare children so that they scream. However, the children are toxic to the monsters, and after a child gets through, two monsters realize things may not be what they think.","Pete Docter, Jill Culton, Jeff Pidgeon","Billy Crystal, John Goodman, Mary Gibbs",759,242,79.0,115000000,"$579,707,738",U,980,92
63,Relatos Salvajes,8.1,2014,2h 2m,"Comedy, Drama, Thriller",Damián Szifron,Six short stories that explore the extremities of human behavior involving people in distress.,"Germán Servidio, Damián Szifron","Darío Grandinetti, María Marull, Mónica Villa",276,315,77.0,3300000,"$30,642,704",18,2800,122
64,Mad Max: Fury Road,8.1,2015,2h,"Action, Adventure, Sci-Fi",George Miller,"In a post-apocalyptic wasteland, a woman rebels against a tyrannical ruler in search for her homeland with the aid of a group of female prisoners, a psychotic worshiper, and a drifter named Max.","George Miller, Brendan McCarthy, Nick Lathouris","Tom Hardy, Charlize Theron, Nicholas Hoult",2200,833,90.0,150000000,"$375,709,470",UA,147,120
65,The Big Lebowski,8.1,1998,1h 57m,"Comedy, Crime","Joel Coen, Ethan Coen","Ultimate L.A. slacker Jeff ""The Dude"" Lebowski, mistaken for a millionaire of the same name, seeks restitution for a rug ruined by debt collectors, enlisting his bowling buddies for help while trying to find the millionaire's missing wife.","Ethan Coen, Joel Coen","Jeff Bridges, John Goodman, Julianne Moore",1300,199,71.0,15000000,"$46,969,081",UA,453,117
66,Det Sjunde Inseglet,8.1,1957,1h 36m,"Drama, Fantasy, History",Ingmar Bergman,,Ingmar Bergman,"Max von Sydow, Gunnar Björnstrand, Bengt Ekerot",385,138,88.0,150000,"$262,979",A,2951,96
67,Barry Lyndon,8.1,1975,3h 5m,"Adventure, Drama, History",Stanley Kubrick,An Irish rogue wins the heart of a rich widow and assumes her dead husband's aristocratic position in 18th-century England.,"Stanley Kubrick, William Makepeace Thackeray","Ryan O'Neal, Marisa Berenson, Patrick Magee",513,114,89.0,11000000,"$198,992",U,1969,185
68,Salinui Chueok,8.1,2003,2h 11m,"Crime, Drama, Mystery",Bong Joon Ho,"In a small Korean province in 1986, two detectives struggle with the case of multiple young women being found raped and murdered by an unknown culprit.","Bong Joon Ho, Kwang-rim Kim, Sung-bo Shim","Kang-ho Song, Kim Sang-kyung, Roe-ha Kim",349,175,82.0,2800000,"$1,166,717",UA,1207,131
70,How to Train Your Dragon,8.1,2010,1h 38m,"Animation, Action, Adventure","Dean DeBlois, Chris Sanders","A hapless young Viking who aspires to hunt dragons becomes the unlikely friend of a young dragon himself, and learns there may be more to the creatures than he assumed.","William Davies, Dean DeBlois, Chris Sanders","Jay Baruchel, Gerard Butler, Christopher Mintz-Plasse",692,193,75.0,165000000,"$494,879,471",U,1243,98
73,Hacksaw Ridge,8.1,2016,2h 19m,"Biography, Drama, History",Mel Gibson,"World War II American Army Medic Desmond T. Doss, who served during the Battle of Okinawa, refuses to kill people and becomes the first man in American history to receive the Medal of Honor without firing a shot.","Robert Schenkkan, Andrew Knight","Andrew Garfield, Sam Worthington, Luke Bracey",100,477,71.0,40000000,"$180,563,636",A,189,139
74,Room,8.1,2015,1h 58m,"Drama, Thriller",Lenny Abrahamson,"Held captive for 7 years in an enclosed space, a woman and her young son finally gain their freedom, allowing the boy to experience the outside world for the first time.",Emma Donoghue,"Brie Larson, Jacob Tremblay, Sean Bridgers",776,484,86.0,13000000,"$35,401,758",U,940,118
76,Mr. Smith Goes to Washington,8.1,1939,2h 9m,"Comedy, Drama",Frank Capra,"A naive youth leader is appointed to fill a vacancy in the U.S. Senate. His idealistic plans promptly collide with corruption at home and subterfuge from his hero in Washington, but he tries to forge ahead despite attacks on his character.","Sidney Buchman, Lewis R. Foster, Myles Connolly","James Stewart, Jean Arthur, Claude Rains",332,99,73.0,1900000,"$144,738",U,1875,129
77,In the Name of the Father,8.1,1993,2h 13m,"Biography, Crime, Drama",Jim Sheridan,,"Gerry Conlon, Terry George, Jim Sheridan","Daniel Day-Lewis, Pete Postlethwaite, Alison Crosbie",212,62,84.0,13000000,"$65,796,862",UA,2286,133
78,The Grand Budapest Hotel,8.1,2014,1h 39m,"Adventure, Comedy, Crime",Wes Anderson,"A writer encounters the owner of an aging high-class hotel, who tells him of his early years serving as a lobby boy in the hotel's glorious years under an exceptional concierge.","Stefan Zweig, Wes Anderson, Hugo Guinness","Ralph Fiennes, F. Murray Abraham, Mathieu Amalric",100,572,88.0,25000000,"$173,082,189",UA,397,99
79,Before Sunrise,8.1,1995,1h 41m,"Drama, Romance",Richard Linklater,"A young man and woman meet on a train in Europe, and wind up spending one evening together in Vienna. Unfortunately, both know that this will probably be their only night together.","Richard Linklater, Kim Krizan","Ethan Hawke, Julie Delpy, Andrea Eckert",570,152,77.0,2500000,"$5,987,386",16,1445,101
80,The Deer Hunter,8.1,1978,3h 3m,"Drama, War",Michael Cimino,An in-depth examination of the ways in which the Vietnam War impacts and disrupts the lives of several friends in a small steel mill town in Pennsylvania.,"Michael Cimino, Deric Washburn, Louis Garfinkle","Robert De Niro, Christopher Walken, John Cazale",1200,141,86.0,15000000,"$49,074,379",A,844,183
83,Ben-Hur,8.1,1959,3h 32m,"Adventure, Drama, History",William Wyler,"After a Jewish prince is betrayed and sent into slavery by a Roman friend in 1st-century Jerusalem, he regains his freedom and comes back for revenge.","Lew Wallace, Karl Tunberg, Gore Vidal","Charlton Heston, Jack Hawkins, Stephen Boyd",486,132,90.0,15000000,"$74,437,720",U,1354,212
84,12 Years a Slave,8.1,2013,2h 14m,"Biography, Drama, History",Steve McQueen,"In the antebellum United States, Solomon Northup, a free black man from upstate New York, is abducted and sold into slavery.","John Ridley, Solomon Northup","Chiwetel Ejiofor, Michael Kenneth Williams, Michael Fassbender",953,487,96.0,20000000,"$187,733,202",A,428,134
85,Gone Girl,8.1,2014,2h 29m,"Drama, Mystery, Thriller",David Fincher,"With his wife's disappearance having become the focus of an intense media circus, a man sees the spotlight turned on him when it's suspected that he may not be innocent.",Gillian Flynn,"Ben Affleck, Rosamund Pike, Neil Patrick Harris",1600,627,79.0,61000000,"$369,330,363",A,217,149
87,Catch Me If You Can,8.1,2002,2h 21m,"Biography, Crime, Drama",Steven Spielberg,"Barely 21 yet, Frank is a skilled forger who has passed as a doctor, lawyer and pilot. FBI agent Carl becomes obsessed with tracking down the con man, who only revels in the pursuit.","Jeff Nathanson, Frank Abagnale Jr., Stan Redding","Leonardo DiCaprio, Tom Hanks, Christopher Walken",956,195,75.0,52000000,"$352,114,312",A,600,141
92,Harry Potter and the Deathly Hallows: Part 2,8.2,2011,2h 10m,"Adventure, Fantasy, Mystery",David Yates,"Harry, Ron, and Hermione search for Voldemort's remaining Horcruxes in their effort to destroy the Dark Lord as the final battle rages on at Hogwarts.","Steve Kloves, J.K. Rowling","Daniel Radcliffe, Emma Watson, Rupert Grint",100,487,85.0,125000000,"$1,342,359,942",UA,434,130
93,Million Dollar Baby,8.1,2004,2h 12m,"Drama, Sport",Clint Eastwood,A determined woman works with a hardened boxing trainer to become a professional.,"Paul Haggis, F.X. Toole","Hilary Swank, Clint Eastwood, Morgan Freeman",1300,260,86.0,30000000,"$216,763,646",UA,971,132
94,My Neighbour Totoro,8.2,1988,1h 26m,"Animation, Comedy, Family",Hayao Miyazaki,"When two girls move to the country to be near their ailing mother, they have adventures with the wondrous forest spirits who live nearby.",Hayao Miyazaki,"Hitoshi Takagi, Noriko Hidaka, Chika Sakamoto",542,146,86.0,3700000,"$30,574,632",U,2193,86
95,Fargo,8.1,1996,1h 38m,"Crime, Thriller","Joel Coen, Ethan Coen",Minnesota car salesman Jerry Lundegaard's inept crime falls apart due to his and his henchmen's bungling and the persistent police work of the quite pregnant Marge Gunderson.,"Ethan Coen, Joel Coen","William H. Macy, Frances McDormand, Steve Buscemi",100,230,85.0,7000000,"$60,611,975",A,567,98
96,Prisoners,8.1,2013,2h 33m,"Crime, Drama, Mystery",Denis Villeneuve,"When Keller Dover's daughter and her friend go missing, he takes matters into his own hands as the police pursue multiple leads and the pressure mounts.",Aaron Guzikowski,"Hugh Jackman, Jake Gyllenhaal, Viola Davis",1100,497,70.0,46000000,"$122,126,687",A,118,153
97,Warrior,8.2,2011,2h 20m,"Action, Drama, Sport",Gavin O'Connor,"The youngest son of an alcoholic former boxer returns home, where he's trained by his father for competition in a mixed martial arts tournament - a path that puts the fighter on a collision course with his estranged, older brother.","Gavin O'Connor, Anthony Tambakis, Cliff Dorfman","Tom Hardy, Nick Nolte, Joel Edgerton",780,334,71.0,25000000,"$23,308,615",UA,561,140
98,Gran Torino,8.1,2008,1h 56m,Drama,Clint Eastwood,"Disgruntled Korean War veteran Walt Kowalski sets out to reform his neighbor, Thao Lor, a Hmong teenager who tried to steal Kowalski's prized possession: a 1972 Gran Torino.","Nick Schenk, Dave Johannson","Clint Eastwood, Bee Vang, Christopher Carley",100,366,72.0,33000000,"$269,958,228",UA,1576,116
99,"Three Billboards Outside Ebbing, Missouri",8.1,2017,1h 55m,"Comedy, Crime, Drama",Martin McDonagh,A mother personally challenges the local authorities to solve her daughter's murder when they fail to catch the culprit.,Martin McDonagh,"Frances McDormand, Woody Harrelson, Sam Rockwell",1300,572,88.0,15000000,"$160,260,573",A,778,115
101,The Bridge on the River Kwai,8.2,1957,2h 41m,"Adventure, Drama, War",David Lean,"British POWs are forced to build a railway bridge across the river Kwai for their Japanese captors in occupied Burma, not knowing that the allied forces are planning a daring commando raid through the jungle to destroy it.","Pierre Boulle, Carl Foreman, Michael Wilson","William Holden, Alec Guinness, Jack Hawkins",369,104,87.0,3000000,"$27,200,000",U,3033,161
102,El Secreto De Sus Ojos,8.2,2009,2h 9m,"Drama, Mystery, Romance",Juan José Campanella,A retired legal counselor writes a novel hoping to find closure for one of his past unresolved homicide cases and for his unreciprocated love with his superior - both of which still haunt him decades later.,"Eduardo Sacheri, Juan José Campanella","Ricardo Darín, Soledad Villamil, Pablo Rago",338,280,80.0,2000000,"$35,079,650",R,2337,129
103,Hauru No Ugoku Shiro,8.2,2004,1h 59m,"Animation, Adventure, Family",Hayao Miyazaki,"When an unconfident young woman is cursed with an old body by a spiteful witch, her only chance of breaking the spell lies with a self-indulgent yet insecure young wizard and his companions in his legged, walking castle.","Hayao Miyazaki, Diana Wynne Jones","Chieko Baishô, Takuya Kimura, Tatsuya Gashûin",528,240,80.0,24000000,"$236,237,421",U,738,119
104,Dial M for Murder,8.2,1954,1h 45m,"Crime, Thriller",Alfred Hitchcock,A former tennis star arranges the murder of his adulterous wife.,Frederick Knott,"Ray Milland, Grace Kelly, Robert Cummings",405,113,75.0,1400000,"$31,207",A,3719,105
105,The Thing,8.2,1982,1h 49m,"Horror, Mystery, Sci-Fi",John Carpenter,A research team in Antarctica is hunted by a shape-shifting alien that assumes the appearance of its victims.,"Bill Lancaster, John W. Campbell Jr.","Kurt Russell, Wilford Brimley, Keith David",1200,373,57.0,15000000,"$19,632,053",A,756,109
106,Chinatown,8.2,1974,2h 10m,"Drama, Mystery, Thriller",Roman Polanski,"A private detective hired to expose an adulterer in 1930s Los Angeles finds himself caught up in a web of deceit, corruption, and murder.","Robert Towne, Roman Polanski","Jack Nicholson, Faye Dunaway, John Huston",591,161,92.0,6000000,"$29,225,935",UA,1010,130
108,Inside Out,8.2,2015,1h 35m,"Animation, Adventure, Comedy","Pete Docter, Ronnie Del Carmen","After young Riley is uprooted from her Midwest life and moved to San Francisco, her emotions - Joy, Fear, Anger, Disgust and Sadness - conflict on how best to navigate a new city, house, and school.","Pete Docter, Ronnie Del Carmen, Meg LeFauve","Amy Poehler, Bill Hader, Lewis Black",1100,593,94.0,175000000,"$858,848,019",U,504,95
109,Gone with the Wind,8.2,1939,3h 58m,"Drama, History, Romance","Victor Fleming, George Cukor, Sam Wood",The manipulative daughter of a Georgia plantation owner conducts a turbulent romance with a roguish profiteer during the American Civil War and Reconstruction periods.,"Margaret Mitchell, Sidney Howard, Oliver H.P. Garrett","Clark Gable, Vivien Leigh, Thomas Mitchell",957,192,97.0,3977000,"$402,382,193",U,907,238
110,The Elephant Man,8.2,1980,2h 4m,"Biography, Drama",David Lynch,"A Victorian surgeon rescues a heavily disfigured man who is mistreated while scraping a living as a side-show freak. Behind his monstrous façade, there is revealed a person of kindness, intelligence and sophistication.","Christopher De Vore, Eric Bergren, David Lynch","Anthony Hopkins, John Hurt, Anne Bancroft",464,157,78.0,5000000,"$26,023,860",UA,1661,124
111,Raging Bull,8.2,1980,2h 9m,"Biography, Drama, Sport",Martin Scorsese,"The life of boxer Jake LaMotta, whose violence and temper that led him to the top in the ring destroyed his life outside of it.","Jake LaMotta, Joseph Carter, Peter Savage","Robert De Niro, Cathy Moriarty, Joe Pesci",651,151,89.0,18000000,"$23,402,427",A,1324,129
112,V for Vendetta,8.2,2005,2h 12m,"Action, Drama, Sci-Fi",James McTeigue,"In a future British tyranny, a shadowy freedom fighter, known only by the alias of ""V,"" plots to overthrow it with the help of a young woman.","Lilly Wachowski, Lana Wachowski, David Lloyd","Hugo Weaving, Natalie Portman, Rupert Graves",2300,206,62.0,54000000,"$132,511,035",UA,355,132
113,Kill Bill: Vol. 1,8.2,2003,1h 51m,"Action, Crime, Drama",Quentin Tarantino,"After awakening from a four-year coma, a former assassin wreaks vengeance on the team of assassins who betrayed her.","Quentin Tarantino, Uma Thurman","Uma Thurman, David Carradine, Daryl Hannah",2400,329,69.0,30000000,"$180,906,076",R,568,111
114,Rashōmon,8.2,1950,1h 28m,"Crime, Drama, Mystery",Akira Kurosawa,"The rape of a bride and the murder of her samurai husband are recalled from the perspectives of a bandit, the bride, the samurai's ghost and a woodcutter.","Ryûnosuke Akutagawa, Akira Kurosawa, Shinobu Hashimoto","Toshirô Mifune, Machiko Kyô, Masayuki Mori",382,134,98.0,250000,"$46,808",U,3614,88
115,Finding Nemo,8.2,2003,1h 40m,"Animation, Adventure, Comedy","Andrew Stanton, Lee Unkrich","After his son is captured in the Great Barrier Reef and taken to Sydney, a timid clownfish sets out on a journey to bring him home.","Andrew Stanton, Bob Peterson, David Reynolds","Albert Brooks, Ellen DeGeneres, Alexander Gould",100,157,90.0,94000000,"$940,352,645",U,843,100
116,Jurassic Park,8.2,1993,2h 7m,"Action, Adventure, Sci-Fi",Steven Spielberg,A pragmatic paleontologist touring an almost complete theme park on an island in Central America is tasked with protecting a couple of kids after a power failure causes the park's cloned dinosaurs to run loose.,"Michael Crichton, David Koepp","Sam Neill, Laura Dern, Jeff Goldblum",1300,241,68.0,63000000,"$1,099,428,303",UA,221,127
117,The Great Escape,8.2,1963,2h 52m,"Adventure, Drama, History",John Sturges,Allied prisoners of war plan for several hundred of their number to escape from a German camp during World War II.,"Paul Brickhill, James Clavell, W.R. Burnett","Steve McQueen, James Garner, Richard Attenborough",413,119,86.0,4000000,"$228,178",U,1559,172
118,Shutter Island,8.2,2010,2h 18m,"Mystery, Thriller",Martin Scorsese,"In 1954, a U.S. Marshal investigates the disappearance of a murderer who escaped from a hospital for the criminally insane.","Laeta Kalogridis, Dennis Lehane","Leonardo DiCaprio, Emily Mortimer, Mark Ruffalo",1500,523,63.0,80000000,"$294,805,697",A,305,138
119,No Country for Old Men,8.2,2007,2h 2m,"Crime, Drama, Thriller","Ethan Coen, Joel Coen",Violence and mayhem ensue after a hunter stumbles upon a drug deal gone wrong and more than two million dollars in cash near the Rio Grande.,"Joel Coen, Ethan Coen, Cormac McCarthy","Tommy Lee Jones, Javier Bardem, Josh Brolin",200,515,91.0,25000000,"$171,627,166",18,275,122
120,The Treasure of the Sierra Madre,8.2,1948,2h 6m,"Adventure, Drama, Western",John Huston,Two down-on-their-luck Americans searching for work in 1920s Mexico convince an old prospector to help them mine for gold in the Sierra Madre Mountains.,"John Huston, B. Traven","Humphrey Bogart, Walter Huston, Tim Holt",306,103,98.0,3000000,"$5,014,000",Passed,3086,126
122,The Truman Show,8.2,1998,1h 43m,"Comedy, Drama",Peter Weir,An insurance salesman discovers his whole life is actually a reality TV show.,Andrew Niccol,"Jim Carrey, Ed Harris, Laura Linney",1300,249,90.0,60000000,"$264,118,201",U,540,103
123,There Will Be Blood,8.2,2007,2h 38m,Drama,Paul Thomas Anderson,"A story of family, religion, hatred, oil and madness, focusing on a turn-of-the-century prospector in the early days of the business.","Paul Thomas Anderson, Upton Sinclair","Daniel Day-Lewis, Paul Dano, Ciarán Hinds",1400,351,93.0,25000000,"$76,182,388",A,169,158
125,The Sixth Sense,8.2,1999,1h 47m,"Drama, Mystery, Thriller",M. Night Shyamalan,"A frightened, withdrawn Philadelphia boy who communicates with spirits seeks the help of a disheartened child psychologist.",M. Night Shyamalan,"Bruce Willis, Haley Joel Osment, Toni Collette",2300,258,64.0,40000000,"$672,806,432",A,490,107
126,A Beautiful Mind,8.2,2001,2h 15m,"Biography, Drama",Ron Howard,"After John Nash, a brilliant but asocial mathematician, accepts secret work in cryptography, his life takes a turn for the nightmarish.","Akiva Goldsman, Sylvia Nasar","Russell Crowe, Ed Harris, Jennifer Connelly",1300,154,72.0,58000000,"$316,791,257",UA,847,135
127,Ran,8.2,1985,2h 42m,"Action, Drama, War",Akira Kurosawa,"In Medieval Japan, an elderly warlord retires, handing over his empire to his three sons. However, he vastly underestimates how the new-found power will corrupt them and cause them to turn on each other...and him.","Akira Kurosawa, Hideo Oguni, Masato Ide","Tatsuya Nakadai, Akira Terao, Jinpachi Nezu",322,166,96.0,11500000,"$4,164,283",U,3226,162
128,El Laberinto Del Fauno,8.2,2006,1h 58m,"Drama, Fantasy, War",Guillermo del Toro,"In the Falangist Spain of 1944, the bookish young stepdaughter of a sadistic army officer escapes into an eerie but captivating fantasy world.",Guillermo del Toro,"Ivana Baquero, Ariadna Gil, Sergi López",1300,460,98.0,19000000,"$83,862,032",UA,729,118
129,Judgment at Nuremberg,8.3,1961,2h 59m,"Drama, War",Stanley Kramer,"In 1948, an American court in occupied Germany tries four Nazis judged for war crimes.","Abby Mann, Montgomery Clift","Spencer Tracy, Burt Lancaster, Richard Widmark",247,104,60.0,3000000,"$12,180",A,2705,179
130,Unforgiven,8.2,1992,2h 10m,"Drama, Western",Clint Eastwood,"Retired Old West gunslinger William Munny reluctantly takes on one last job, with the help of his old partner Ned Logan and a young man, The ""Schofield Kid.""",David Webb Peoples,"Clint Eastwood, Gene Hackman, Morgan Freeman",668,136,85.0,14400000,"$159,167,799",A,826,130
131,All About Eve,8.3,1950,2h 18m,Drama,Joseph L. Mankiewicz,A seemingly timid but secretly ruthless ingénue insinuates herself into the lives of an aging Broadway star and her circle of theater friends.,"Joseph L. Mankiewicz, Mary Orr","Bette Davis, Anne Baxter, George Sanders",408,152,98.0,1400000,"$151,052",Passed,2484,138
133,Casino,8.2,1995,2h 58m,"Crime, Drama",Martin Scorsese,"A tale of greed, deception, money, power, and murder occur between two best friends: a mafia enforcer and a casino executive compete against each other over a gambling empire, and over a fast-living and fast-loving socialite.","Nicholas Pileggi, Martin Scorsese","Robert De Niro, Sharon Stone, Joe Pesci",727,124,73.0,52000000,"$116,112,375",A,343,178
134,Green Book,8.2,2018,2h 10m,"Biography, Comedy, Drama",Peter Farrelly,A working-class Italian-American bouncer becomes the driver of an African-American classical pianist on a tour of venues through the 1960s American South.,"Nick Vallelonga, Brian Hayes Currie, Peter Farrelly","Viggo Mortensen, Mahershala Ali, Linda Cardellini",1700,422,69.0,23000000,"$321,752,656",UA,493,130
135,The Wolf of Wall Street,8.2,2013,3h,"Biography, Comedy, Crime",Martin Scorsese,"Based on the true story of Jordan Belfort, from his rise to a wealthy stock-broker living the high life to his fall involving crime, corruption and the federal government.","Terence Winter, Jordan Belfort","Leonardo DiCaprio, Jonah Hill, Margot Robbie",1700,418,75.0,100000000,"$392,000,694",A,88,180
136,Some Like It Hot,8.2,1959,2h 1m,"Comedy, Music, Romance",Billy Wilder,"After two male musicians witness a mob hit, they flee the state in an all-female band disguised as women, but further complications set in.","Billy Wilder, I.A.L. Diamond, Robert Thoeren","Marilyn Monroe, Tony Curtis, Jack Lemmon",479,225,98.0,2883848,"$195,088",U,927,121
141,Per qualche dollaro in più,8.3,1965,2h 12m,Western,Sergio Leone,Two bounty hunters with the same intentions team up to track down an escaped Mexican outlaw.,"Sergio Leone, Fulvio Morsella, Luciano Vincenzoni","Clint Eastwood, Lee Van Cleef, Gian Maria Volontè",333,98,74.0,600000,"$15,000,000",U,3149,132
142,Incendies,8.3,2010,2h 11m,"Drama, Mystery, War",Denis Villeneuve,Twins journey to the Middle East to discover their family history and fulfill their mother's last wishes.,"Denis Villeneuve, Wajdi Mouawad, Valérie Beaugrand-Champagne","Lubna Azabal, Mélissa Désormeaux-Poulin, Maxim Gaudette",307,245,80.0,6800000,"$6,788,659",18,1281,131
143,1917,8.3,2019,1h 59m,"Action, Drama, War",Sam Mendes,"April 6th, 1917. As an infantry battalion assembles to wage war deep in enemy territory, two soldiers are assigned to race against time and deliver a message that will stop 1,600 men from walking straight into a deadly trap.","Sam Mendes, Krysty Wilson-Cairns","Dean-Charles Chapman, George MacKay, Daniel Mays",3300,515,78.0,95000000,"$384,919,389",R,239,119
145,Batman Begins,8.3,2005,2h 20m,"Action, Crime, Drama",Christopher Nolan,"After training with his mentor, Batman begins his fight to free crime-ridden Gotham City from corruption.","Bob Kane, David S. Goyer, Christopher Nolan","Christian Bale, Michael Caine, Ken Watanabe",300,334,70.0,150000000,"$373,672,993",UA,44,140
146,Jodaeiye Nader Az Simin,8.3,2011,2h 3m,Drama,Asghar Farhadi,A married couple are faced with a difficult decision - to improve the life of their child by moving to another country or to stay in Iran and look after a deteriorating parent who has Alzheimer's disease.,Asghar Farhadi,"Payman Maadi, Leila Hatami, Sareh Bayat",419,372,95.0,500000,"$22,926,076",7,2540,123
148,Indiana Jones and the Last Crusade,8.3,1989,2h 7m,"Action, Adventure",Steven Spielberg,"In 1938, after his father Professor Henry Jones, Sr. goes missing while pursuing the Holy Grail, Professor Henry ""Indiana"" Jones, Jr. finds himself up against Adolf Hitler's Nazis again to stop them from obtaining its powers.","Jeffrey Boam, George Lucas, Menno Meyjes","Harrison Ford, Sean Connery, Alison Doody",649,177,65.0,48000000,"$474,171,806",U,1368,127
152,Die Hard,8.3,1988,2h 12m,"Action, Thriller",John McTiernan,An NYPD officer tries to save his wife and several others taken hostage by German terrorists during a Christmas party at the Nakatomi Plaza in Los Angeles.,"Roderick Thorp, Jeb Stuart, Steven E. de Souza","Bruce Willis, Alan Rickman, Bonnie Bedelia",100,217,72.0,28000000,"$141,603,197",A,483,132
153,L.A. Confidential,8.3,1997,2h 18m,"Crime, Drama, Mystery",Curtis Hanson,"As corruption grows in 1950s Los Angeles, three policemen - one strait-laced, one brutal, and one sleazy - investigate a series of murders with their own brand of justice.","James Ellroy, Brian Helgeland, Curtis Hanson","Kevin Spacey, Russell Crowe, Guy Pearce",786,146,90.0,35000000,"$126,216,940",A,374,138
154,Heat,8.3,1995,2h 50m,"Action, Crime, Drama",Michael Mann,A group of high-end professional thieves start to feel the heat from the LAPD when they unknowingly leave a clue at their latest heist.,Michael Mann,"Al Pacino, Robert De Niro, Val Kilmer",1200,208,76.0,60000000,"$187,436,818",A,282,170
156,Up,8.3,2009,1h 36m,"Animation, Adventure, Comedy","Pete Docter, Bob Peterson","78-year-old Carl Fredricksen travels to Paradise Falls in his house equipped with balloons, inadvertently taking a young stowaway.","Pete Docter, Bob Peterson, Tom McCarthy","Edward Asner, Jordan Nagai, John Ratzenberger",100,408,88.0,175000000,"$735,099,102",U,902,96
157,The Sting,8.3,1973,2h 9m,"Comedy, Crime, Drama",George Roy Hill,Two grifters team up to pull off the ultimate con.,David S. Ward,"Paul Newman, Robert Redford, Robert Shaw",337,132,83.0,5500000,"$156,000,000",U,639,129
158,To Kill a Mockingbird,8.3,1962,2h 9m,"Crime, Drama",Robert Mulligan,"Atticus Finch, a widowed lawyer in Depression-era Alabama, defends a black man against an undeserved rape charge, and his children against prejudice.","Harper Lee, Horton Foote","Gregory Peck, John Megna, Frank Overton",599,159,88.0,2000000,"$599,146",U,1366,129
159,Double Indemnity,8.3,1944,1h 47m,"Crime, Drama, Film-Noir",Billy Wilder,"A Los Angeles insurance representative lets an alluring housewife seduce him into a scheme of insurance fraud and murder that arouses the suspicion of his colleague, an insurance investigator.","Billy Wilder, Raymond Chandler, James M. Cain","Fred MacMurray, Barbara Stanwyck, Edward G. Robinson",450,155,95.0,927262,"$14,190",Passed,3857,107
160,Taxi Driver,8.3,1976,1h 54m,"Crime, Drama",Martin Scorsese,"A mentally unstable veteran works as a nighttime taxi driver in New York City, where the perceived decadence and sleaze fuels his urge for violent action.",Paul Schrader,"Robert De Niro, Jodie Foster, Cybill Shepherd",1300,293,94.0,1300000,"$28,570,902",A,319,114
162,Scarface,8.3,1983,2h 50m,"Crime, Drama",Brian De Palma,"In 1980 Miami, a determined Cuban immigrant takes over a drug cartel and succumbs to greed.","Oliver Stone, Howard Hawks, Ben Hecht","Al Pacino, Michelle Pfeiffer, Steven Bauer",1200,180,65.0,25000000,"$65,884,703",A,375,170
163,The Apartment,8.3,1960,2h 5m,"Comedy, Drama, Romance",Billy Wilder,"A Manhattan insurance clerk tries to rise in his company by letting its executives use his apartment for trysts, but complications and a romance of his own ensue.","Billy Wilder, I.A.L. Diamond","Jack Lemmon, Shirley MacLaine, Fred MacMurray",393,231,94.0,3000000,"$18,778,738",U,2371,125
164,Full Metal Jacket,8.3,1987,1h 56m,"Drama, War",Stanley Kubrick,A pragmatic U.S. Marine observes the dehumanizing effects the Vietnam War has on his fellow recruits from their brutal boot camp training to the bloody street fighting in Hue.,"Stanley Kubrick, Michael Herr, Gustav Hasford","Matthew Modine, R. Lee Ermey, Vincent D'Onofrio",926,159,76.0,30000000,"$46,357,676",UA,655,116
165,A Clockwork Orange,8.3,1971,2h 16m,"Crime, Sci-Fi",Stanley Kubrick,"In the future, a sadistic gang leader is imprisoned and volunteers for a conduct-aversion experiment, but it doesn't go as planned.","Stanley Kubrick, Anthony Burgess","Malcolm McDowell, Patrick Magee, Michael Bates",1600,199,77.0,2200000,"$26,960,374",A,455,136
166,Le fabuleux destin d'Amélie Poulain,8.3,2001,2h 2m,"Comedy, Romance",Jean-Pierre Jeunet,"Amélie is an innocent and naive girl in Paris with her own sense of justice. She decides to help those around her and, along the way, discovers love.","Guillaume Laurant, Jean-Pierre Jeunet","Audrey Tautou, Mathieu Kassovitz, Rufus",1500,151,69.0,10000000,"$174,118,254",U,955,122
168,Jagten,8.3,2012,1h 55m,Drama,Thomas Vinterberg,"A teacher lives a lonely life, all the while struggling over his son's custody. His life slowly gets better as he finds love and receives good news from his son, but his new luck is about to be brutally shattered by an innocent little lie.","Tobias Lindholm, Thomas Vinterberg","Mads Mikkelsen, Thomas Bo Larsen, Annika Wedderkopp",523,382,77.0,3800000,"$15,843,274",7,627,115
169,Vertigo,8.3,1958,2h 8m,"Mystery, Romance, Thriller",Alfred Hitchcock,"A former San Francisco police detective juggles wrestling with his personal demons and becoming obsessed with the hauntingly beautiful woman he has been hired to trail, who may be deeply disturbed.","Alec Coppel, Samuel A. Taylor, Pierre Boileau","James Stewart, Kim Novak, Barbara Bel Geddes",993,197,100.0,2479000,"$7,797,728",A,1675,128
170,North by Northwest,8.3,1959,2h 16m,"Adventure, Mystery, Thriller",Alfred Hitchcock,"A New York City advertising executive goes on the run after being mistaken for a government agent by a group of foreign spies, and falls for a woman whose loyalties he begins to doubt.",Ernest Lehman,"Cary Grant, Eva Marie Saint, James Mason",692,182,98.0,3101000,"$142,319",U,1804,136
171,Lawrence of Arabia,8.3,1962,3h 38m,"Adventure, Biography, Drama",David Lean,"The story of T.E. Lawrence, the English officer who successfully united and led the diverse, often warring, Arab tribes during World War I in order to fight the Turks.","Robert Bolt, Michael Wilson","Peter O'Toole, Alec Guinness, Anthony Quinn",736,158,100.0,15000000,"$45,715,757",U,1708,218
173,Citizen Kane,8.3,1941,1h 59m,"Drama, Mystery",Orson Welles,"Following the death of publishing tycoon Charles Foster Kane, reporters scramble to uncover the meaning of his final utterance; 'Rosebud'.","Herman J. Mankiewicz, Orson Welles, John Houseman","Orson Welles, Joseph Cotten, Dorothy Comingore",1600,265,100.0,839727,"$1,645,133",UA,1515,119
174,Capharnaüm,8.4,2018,2h 6m,Drama,Nadine Labaki,"While serving a five-year sentence for a violent crime, a 12-year-old boy sues his parents for neglect.","Nadine Labaki, Jihad Hojeily, Michelle Keserwany","Zain Al Rafeea, Yordanos Shiferaw, Boluwatife Treasure Bankole",457,195,75.0,4000000,"$64,417,003",A,1286,126
175,2001: A Space Odyssey,8.3,1968,2h 29m,"Adventure, Sci-Fi",Stanley Kubrick,"The Monoliths push humanity to reach for the stars; after their discovery in Africa generations ago, the mysterious objects lead mankind on an awesome journey to Jupiter, with the help of H.A.L. 9000: the world's greatest supercomputer.","Stanley Kubrick, Arthur C. Clarke","Keir Dullea, Gary Lockwood, William Sylvester",2300,285,84.0,12000000,"$65,877,808",U,628,149
176,Reservoir Dogs,8.3,1992,1h 39m,"Crime, Drama, Thriller",Quentin Tarantino,"When a simple jewelry heist goes horribly wrong, the surviving criminals begin to suspect that one of them is a police informant.","Quentin Tarantino, Roger Avary","Harvey Keitel, Tim Roth, Michael Madsen",1200,190,79.0,1200000,"$2,913,644",15+,545,99
177,Eternal Sunshine of the Spotless Mind,8.3,2004,1h 48m,"Drama, Romance, Sci-Fi",Michel Gondry,"When their relationship turns sour, a couple undergoes a medical procedure to have each other erased from their memories.","Charlie Kaufman, Michel Gondry, Pierre Bismuth","Jim Carrey, Kate Winslet, Tom Wilkinson",1900,301,89.0,20000000,"$74,036,715",UA,201,108
179,Star Wars: Episode VI - Return of the Jedi,8.3,1983,2h 11m,"Action, Adventure, Fantasy",Richard Marquand,"After a daring mission to rescue Han Solo from Jabba the Hutt, the Rebels dispatch to Endor to destroy the second Death Star. Meanwhile, Luke struggles to help Darth Vader back from the dark side without falling into the Emperor's trap.","Lawrence Kasdan, George Lucas","Mark Hamill, Harrison Ford, Carrie Fisher",929,207,58.0,32500000,"$475,106,177",U,744,131
181,Singin' in the Rain,8.3,1952,1h 43m,"Comedy, Musical, Romance","Stanley Donen, Gene Kelly",A silent film star falls for a chorus girl just as he and his delusionally jealous screen partner are trying to make the difficult transition to talking pictures in 1920s Hollywood.,"Betty Comden, Adolph Green","Gene Kelly, Donald O'Connor, Debbie Reynolds",763,164,99.0,2540800,"$1,923,485",G,1831,103
182,Requiem for a Dream,8.3,2000,1h 42m,Drama,Darren Aronofsky,The drug-induced utopias of four Coney Island people are shattered when their addictions run deep.,"Hubert Selby Jr., Darren Aronofsky","Ellen Burstyn, Jared Leto, Jennifer Connelly",2200,257,68.0,4500000,"$7,390,108",A,263,102
183,Good Will Hunting,8.3,1997,2h 6m,"Drama, Romance",Gus Van Sant,"Will Hunting, a janitor at M.I.T., has a gift for mathematics, but needs help from a psychologist to find direction in his life.","Matt Damon, Ben Affleck","Robin Williams, Matt Damon, Ben Affleck",993,158,70.0,10000000,"$225,933,435",U,170,126
184,Toy Story 3,8.3,2010,1h 43m,"Animation, Adventure, Comedy",Lee Unkrich,"The toys are mistakenly delivered to a day-care center instead of the attic right before Andy leaves for college, and it's up to Woody to convince the other toys that they weren't abandoned and to return home.","John Lasseter, Andrew Stanton, Lee Unkrich","Tom Hanks, Tim Allen, Joan Cusack",951,465,92.0,200000000,"$1,066,970,811",U,1517,103
185,Once Upon a Time in America,8.4,1984,3h 49m,"Crime, Drama",Sergio Leone,"A former Prohibition-era Jewish gangster returns to the Lower East Side of Manhattan 35 years later, where he must once again confront the ghosts and regrets of his old life.","Harry Grey, Leonardo Benvenuti, Piero De Bernardi","Robert De Niro, James Woods, Elizabeth McGovern",781,132,75.0,30000000,"$5,473,337",A,398,229
188,Inglourious Basterds,8.3,2009,2h 33m,"Adventure, Drama, War",Quentin Tarantino,"In Nazi-occupied France during World War II, a plan to assassinate Nazi leaders by a group of Jewish U.S. soldiers coincides with a theatre owner's vengeful plans for the same.",Quentin Tarantino,"Brad Pitt, Diane Kruger, Eli Roth",200,399,69.0,70000000,"$321,457,747",A,156,153
189,Coco,8.4,2017,1h 45m,"Animation, Adventure, Comedy","Lee Unkrich, Adrian Molina","Aspiring musician Miguel, confronted with his family's ancestral ban on music, enters the Land of the Dead to find his great-great-grandfather, a legendary singer.","Lee Unkrich, Jason Katz, Matthew Aldrich","Anthony Gonzalez, Gael García Bernal, Benjamin Bratt",1300,415,81.0,175000000,"$807,817,888",U,454,105
190,Amadeus,8.4,1984,2h 40m,"Biography, Drama, Music",Milos Forman,"The life, success and troubles of Wolfgang Amadeus Mozart, as told by Antonio Salieri, the contemporaneous composer who was insanely jealous of Mozart's talent and claimed to have murdered him.","Peter Shaffer, Zdenek Mahler","F. Murray Abraham, Tom Hulce, Elizabeth Berridge",694,126,88.0,18000000,"$52,066,791",PG,895,160
191,Toy Story,8.3,1995,1h 21m,"Animation, Adventure, Comedy",John Lasseter,A cowboy doll is profoundly threatened and jealous when a new spaceman figure supplants him as top toy in a boy's room.,"John Lasseter, Pete Docter, Andrew Stanton","Tom Hanks, Tim Allen, Don Rickles",725,157,95.0,30000000,"$394,436,586",U,749,81
192,Braveheart,8.4,1995,2h 58m,"Biography, Drama, History",Mel Gibson,Scottish warrior William Wallace leads his countrymen in a rebellion to free his homeland from the tyranny of King Edward I of England.,Randall Wallace,"Mel Gibson, Sophie Marceau, Patrick McGoohan",1300,148,68.0,72000000,"$213,216,216",A,297,178
193,Avengers: Endgame,8.4,2019,3h 1m,"Action, Adventure, Drama","Anthony Russo, Joe Russo","After the devastating events of Avengers: Infinity War (2018), the universe is in ruins. With the help of remaining allies, the Avengers assemble once more in order to reverse Thanos' actions and restore balance to the universe.","Christopher Markus, Stephen McFeely, Stan Lee","Robert Downey Jr., Chris Evans, Mark Ruffalo",9400,587,78.0,356000000,"$2,797,501,328",UA,72,181
194,Oldeuboi,8.4,2003,1h 41m,"Action, Drama, Mystery",Park Chan-wook,"After being kidnapped and imprisoned for fifteen years, Oh Dae-Su is released, only to find that he must find his captor in five days.","Garon Tsuchiya, Nobuaki Minegishi, Park Chan-wook","Choi Min-sik, Yoo Ji-Tae, Kang Hye-jeong",1100,335,77.0,3000000,"$15,194,593",A,552,101
195,American Beauty,8.4,1999,2h 2m,Drama,Sam Mendes,A sexually frustrated suburban father has a mid-life crisis after becoming infatuated with his daughter's best friend.,Alan Ball,"Kevin Spacey, Annette Bening, Thora Birch",2900,208,84.0,15000000,"$356,296,601",UA,315,122
196,The Dark Knight Rises,8.4,2012,2h 44m,"Action, Crime, Drama",Christopher Nolan,"Eight years after the Joker's reign of anarchy, Batman, with the help of the enigmatic Catwoman, is forced from his exile to save Gotham City from the brutal guerrilla terrorist Bane.","Jonathan Nolan, Christopher Nolan, David S. Goyer","Christian Bale, Tom Hardy, Anne Hathaway",3600,558,78.0,250000000,"$1,081,153,097",UA,51,164
197,Spider-Man: Into the Spider-Verse,8.4,2018,1h 57m,"Animation, Action, Adventure","Bob Persichetti, Peter Ramsey, Rodney Rothman","Teen Miles Morales becomes the Spider-Man of his universe, and must join with five spider-powered individuals from other dimensions to stop a threat for all realities.","Phil Lord, Rodney Rothman","Shameik Moore, Jake Johnson, Hailee Steinfeld",2100,416,87.0,90000000,"$375,540,831",U,192,117
198,Dr. Strangelove or: How I Learned to Stop Worrying and Love the Bomb,8.4,1964,1h 35m,"Comedy, War",Stanley Kubrick,"An insane American general orders a bombing attack on the Soviet Union, triggering a path to nuclear holocaust that a war room full of politicians and generals frantically tries to stop.","Stanley Kubrick, Terry Southern, Peter George","Peter Sellers, George C. Scott, Sterling Hayden",100,231,97.0,1800000,"$9,523,464",A,834,95
199,Joker,8.4,2019,2h 2m,"Crime, Drama, Thriller",Todd Phillips,"In Gotham City, mentally troubled comedian Arthur Fleck is disregarded and mistreated by society. He then embarks on a downward spiral of revolution and bloody crime. This path brings him face-to-face with his alter-ego: the Joker.","Todd Phillips, Scott Silver, Bob Kane","Joaquin Phoenix, Robert De Niro, Zazie Beetz",11200,693,59.0,55000000,"$1,074,445,730",A,69,122
200,Spider-Man: No Way Home,8.6,2021,2h 28m,"Action, Adventure, Fantasy",Jon Watts,"With Spider-Man's identity now revealed, Peter asks Doctor Strange for help. When a spell goes wrong, dangerous foes from other worlds start to appear, forcing Peter to discover what it truly means to be Spider-Man.","Chris McKenna, Erik Sommers, Stan Lee","Tom Holland, Zendaya, Benedict Cumberbatch",5500,361,71.0,200000000,"$1,884,543,553",UA,5,148
203,The Shining,8.4,1980,2h 26m,"Drama, Horror",Stanley Kubrick,"A family heads to an isolated hotel for the winter where a sinister presence influences the father into violence, while his psychic son sees horrific forebodings from both past and future.","Stephen King, Stanley Kubrick, Diane Johnson","Jack Nicholson, Shelley Duvall, Danny Lloyd",200,353,66.0,19000000,"$47,299,460",A,339,146
204,Alien 2,8.4,1986,2h 17m,"Action, Adventure, Sci-Fi",James Cameron,"Fifty-seven years after surviving an apocalyptic attack aboard her space vessel by merciless space creatures, Officer Ripley awakens from hyper-sleep and tries to warn anyone who will listen about the predators.","James Cameron, David Giler, Walter Hill","Sigourney Weaver, Michael Biehn, Carrie Henn",1400,219,84.0,18500000,"$131,060,248",U,462,137
205,Paths of Glory,8.4,1957,1h 28m,"Drama, War",Stanley Kubrick,"After refusing to attack an enemy position, a general accuses the soldiers of cowardice and their commanding officer must defend them.","Stanley Kubrick, Calder Willingham, Jim Thompson","Kirk Douglas, Ralph Meeker, Adolphe Menjou",484,165,90.0,935000,"$5,252",A,2830,88
207,Avengers: Infinity War,8.5,2018,2h 29m,"Action, Adventure, Sci-Fi","Anthony Russo, Joe Russo",The Avengers and their allies must be willing to sacrifice all in an attempt to defeat the powerful Thanos before his blitz of devastation and ruin puts an end to the universe.,"Christopher Markus, Stephen McFeely, Stan Lee","Robert Downey Jr., Chris Hemsworth, Mark Ruffalo",4500,624,68.0,321000000,"$2,048,359,754",UA,144,149
208,Django Unchained,8.5,2012,2h 45m,"Drama, Western",Quentin Tarantino,"With the help of a German bounty-hunter, a freed slave sets out to rescue his wife from a brutal plantation-owner in Mississippi.",Quentin Tarantino,"Jamie Foxx, Christoph Waltz, Leonardo DiCaprio",1700,657,81.0,100000000,"$426,074,373",A,190,165
209,Das Leben Der Anderen,8.4,2006,2h 17m,"Drama, Mystery, Thriller",Florian Henckel von Donnersmarck,,Florian Henckel von Donnersmarck,"Ulrich Mühe, Martina Gedeck, Sebastian Koch",551,218,89.0,2000000,"$77,356,942",A,1102,137
210,WALL·E,8.4,2008,1h 38m,"Animation, Adventure, Family",Andrew Stanton,"In the distant future, a small waste-collecting robot inadvertently embarks on a space journey that will ultimately decide the fate of mankind.","Andrew Stanton, Pete Docter, Jim Reardon","Ben Burtt, Elissa Knight, Jeff Garlin",1400,271,95.0,180000000,"$521,311,890",U,829,98
211,Raiders of the Lost Ark,8.4,1981,1h 55m,"Action, Adventure",Steven Spielberg,"In 1936, archaeologist and adventurer Indiana Jones is hired by the U.S. government to find the Ark of the Covenant before Adolf Hitler's Nazis can obtain its awesome powers.","Lawrence Kasdan, George Lucas, Philip Kaufman","Harrison Ford, Karen Allen, Paul Freeman",100,270,85.0,18000000,"$389,925,971",A,624,115
212,Cinema Paradiso,8.5,1988,2h 35m,"Drama, Romance",Giuseppe Tornatore,A filmmaker recalls his childhood when falling in love with the pictures at the cinema of his home village and forms a deep friendship with the cinema's projectionist.,"Giuseppe Tornatore, Vanna Paoli","Philippe Noiret, Enzo Cannavale, Antonella Attili",579,118,80.0,5000000,"$13,019,063",U,1886,155
213,Apocalypse Now,8.5,1979,2h 27m,"Drama, Mystery, War",Francis Ford Coppola,A U.S. Army officer serving in Vietnam is tasked with assassinating a renegade Special Forces Colonel who sees himself as a god.,"John Milius, Francis Ford Coppola, Michael Herr","Martin Sheen, Marlon Brando, Robert Duvall",1300,297,94.0,31500000,"$92,158,064",R,320,147
215,Memento,8.5,2000,1h 53m,"Mystery, Thriller",Christopher Nolan,A man with short-term memory loss attempts to track down his wife's murderer.,"Christopher Nolan, Jonathan Nolan","Guy Pearce, Carrie-Anne Moss, Joe Pantoliano",2400,228,80.0,9000000,"$40,047,078",UA,370,113
216,Grave of the Fireflies,8.5,1988,1h 29m,"Animation, Drama, War",Isao Takahata,A young boy and his little sister struggle to survive in Japan during World War II.,"Akiyuki Nosaka, Isao Takahata","Tsutomu Tatsumi, Ayano Shiraishi, Akemi Yamaguchi",907,137,94.0,3700000,"$516,962",U,1185,89
217,Alien,8.5,1979,1h 57m,"Horror, Sci-Fi",Ridley Scott,The crew of a commercial spacecraft encounter a deadly lifeform after investigating an unknown transmission.,"Dan O'Bannon, Ronald Shusett","Sigourney Weaver, Tom Skerritt, John Hurt",1600,317,89.0,11000000,"$106,285,522",R,266,117
218,Rear Window,8.5,1954,1h 52m,"Mystery, Thriller",Alfred Hitchcock,"A wheelchair-bound photographer spies on his neighbors from his Greenwich Village courtyard apartment window, and becomes convinced one of them has committed murder, despite the skepticism of his fashion-model girlfriend.","John Michael Hayes, Cornell Woolrich","James Stewart, Grace Kelly, Wendell Corey",958,175,100.0,1000000,"$37,034,514",U,1562,112
219,Psycho,8.5,1960,1h 49m,"Horror, Mystery, Thriller",Alfred Hitchcock,"A Phoenix secretary embezzles $40,000 from her employer's client, goes on the run, and checks into a remote motel run by a young man under the domination of his mother.","Joseph Stefano, Robert Bloch","Anthony Perkins, Janet Leigh, Vera Miles",1400,252,97.0,806947,"$32,041,931",A,653,109
220,Spirited Away,8.6,2001,2h 5m,"Animation, Adventure, Family",Hayao Miyazaki,"During her family's move to the suburbs, a sullen 10-year-old girl wanders into a world ruled by gods, witches, and spirits, and where humans are changed into beasts.",Hayao Miyazaki,"Daveigh Chase, Suzanne Pleshette, Miyu Irino",1500,211,96.0,19000000,"$355,629,377",U,510,125
221,Terminator 2: Judgment Day,8.6,1991,2h 17m,"Action, Sci-Fi",James Cameron,"A cyborg, identical to the one who failed to kill Sarah Connor, must now protect her ten-year-old son John from a more advanced and powerful cyborg.","James Cameron, William Wisher","Arnold Schwarzenegger, Linda Hamilton, Edward Furlong",1400,303,75.0,102000000,"$520,881,154",A,546,137
222,Life Is Beautiful,8.6,1997,1h 56m,"Comedy, Drama, Romance",Roberto Benigni,"When an open-minded Jewish waiter and his son become victims of the Holocaust, he uses a perfect mixture of will, humor, and imagination to protect his son from the dangers around their camp.","Vincenzo Cerami, Roberto Benigni","Roberto Benigni, Nicoletta Braschi, Giorgio Cantarini",1400,152,59.0,20000000,"$230,098,753",U,617,116
223,Interstellar,8.7,2014,2h 49m,"Adventure, Drama, Sci-Fi",Christopher Nolan,A team of explorers travel through a wormhole in space in an attempt to ensure humanity's survival.,"Jonathan Nolan, Christopher Nolan","Matthew McConaughey, Anne Hathaway, Jessica Chastain",4900,627,74.0,165000000,"$701,729,206",UA,105,169
224,The Green Mile,8.6,1999,3h 9m,"Crime, Drama, Fantasy",Frank Darabont,"The lives of guards on Death Row are affected by one of their charges: a black man accused of child murder and rape, yet who has a mysterious gift.","Stephen King, Frank Darabont","Tom Hanks, Michael Clarke Duncan, David Morse",200,207,61.0,60000000,"$286,801,374",UA,143,189
225,Star Wars,8.6,1977,2h 1m,"Action, Adventure, Fantasy",George Lucas,"Luke Skywalker joins forces with a Jedi Knight, a cocky pilot, a Wookiee and two droids to save the galaxy from the Empire's world-destroying battle station, while also attempting to rescue Princess Leia from the mysterious Darth Vader.",George Lucas,"Mark Hamill, Harrison Ford, Carrie Fisher",200,206,90.0,11000000,"$775,398,007",UA,224,121
226,Back to the Future,8.6,1985,1h 56m,"Adventure, Comedy, Sci-Fi",Robert Zemeckis,"Marty McFly, a 17-year-old high school student, is accidentally sent thirty years into the past in a time-traveling DeLorean invented by his close friend, the eccentric scientist Doc Brown.","Robert Zemeckis, Bob Gale","Michael J. Fox, Christopher Lloyd, Lea Thompson",1300,258,87.0,19000000,"$383,336,762",U,209,116
227,The Silence of the Lambs,8.6,1991,1h 58m,"Crime, Drama, Thriller",Jonathan Demme,"A young F.B.I. cadet must receive the help of an incarcerated and manipulative cannibal killer to help catch another serial killer, a madman who skins his victims.","Thomas Harris, Ted Tally","Jodie Foster, Anthony Hopkins, Lawrence A. Bonney",1500,245,85.0,19000000,"$272,742,922",A,159,118
228,Saving Private Ryan,8.6,1998,2h 49m,"Drama, War",Steven Spielberg,"Following the Normandy Landings, a group of U.S. soldiers go behind enemy lines to retrieve a paratrooper whose brothers have been killed in action.",Robert Rodat,"Tom Hanks, Matt Damon, Tom Sizemore",2800,267,91.0,70000000,"$482,349,603",A,253,169
229,It's a Wonderful Life,8.7,1946,2h 10m,"Drama, Family, Fantasy",Frank Capra,An angel is sent from Heaven to help a desperately frustrated businessman by showing him what life would have been like if he had never existed.,"Frances Goodrich, Albert Hackett, Frank Capra","James Stewart, Donna Reed, Lionel Barrymore",100,193,89.0,3180000,"$6,184,298",PG,1265,130
231,City of God,8.6,2002,2h 10m,"Crime, Drama","Fernando Meirelles, Kátia Lund","In the slums of Rio, two kids' paths diverge as one struggles to become a photographer and the other a kingpin.","Paulo Lins, Bráulio Mantovani","Alexandre Rodrigues, Leandro Firmino, Matheus Nachtergaele",1100,212,79.0,3300000,"$30,680,793",A,588,130
232,Fight Club,8.8,1999,2h 19m,Drama,David Fincher,An insomniac office worker and a devil-may-care soap maker form an underground fight club that evolves into much more.,"Chuck Palahniuk, Jim Uhls","Brad Pitt, Edward Norton, Meat Loaf",4200,368,66.0,63000000,"$101,209,702",A,155,139
233,Se7en,8.6,1995,2h 7m,"Crime, Drama, Mystery",David Fincher,"Two detectives, a rookie and a veteran, hunt a serial killer who uses the seven deadly sins as his motives.",Andrew Kevin Walker,"Morgan Freeman, Brad Pitt, Kevin Spacey",1700,177,65.0,33000000,"$327,333,559",A,150,127
234,Goodfellas,8.7,1990,2h 25m,"Biography, Crime, Drama",Martin Scorsese,"The story of Henry Hill and his life in the mob, covering his relationship with his wife Karen Hill and his mob partners Jimmy Conway and Tommy DeVito in the Italian-American crime syndicate.","Nicholas Pileggi, Martin Scorsese","Robert De Niro, Ray Liotta, Joe Pesci",1500,156,90.0,25000000,"$47,036,784",A,198,145
235,One Flew Over the Cuckoo's Nest,8.7,1975,2h 13m,Drama,Milos Forman,"A criminal pleads insanity and is admitted to a mental institution, where he rebels against the oppressive nurse and rallies up the scared patients.","Lawrence Hauben, Bo Goldman, Ken Kesey","Jack Nicholson, Louise Fletcher, Michael Berryman",1100,177,84.0,3000000,"$109,114,817",A,386,133
236,The Matrix,8.7,1999,2h 16m,"Action, Sci-Fi","Lana Wachowski, Lilly Wachowski","When a beautiful stranger leads computer hacker Neo to a forbidding underworld, he discovers the shocking truth--the life he knows is the elaborate deception of an evil cyber-intelligence.","Lilly Wachowski, Lana Wachowski","Keanu Reeves, Laurence Fishburne, Carrie-Anne Moss",4800,249,73.0,63000000,"$467,222,728",A,207,136
237,Star Wars: Episode V - The Empire Strikes Back,8.7,1980,2h 4m,"Action, Adventure, Fantasy",Irvin Kershner,"After the Rebels are brutally overpowered by the Empire on the ice planet Hoth, Luke Skywalker begins Jedi training with Yoda, while his friends are pursued across the galaxy by Darth Vader and bounty hunter Boba Fett.","Leigh Brackett, Lawrence Kasdan, George Lucas","Mark Hamill, Harrison Ford, Carrie Fisher",1300,234,82.0,18000000,"$538,375,067",UA,704,124
238,Inception,8.8,2010,2h 28m,"Action, Adventure, Sci-Fi",Christopher Nolan,"A thief who steals corporate secrets through the use of dream-sharing technology is given the inverse task of planting an idea into the mind of a C.E.O., but his tragic past may doom the project and his team to disaster.",Christopher Nolan,"Leonardo DiCaprio, Joseph Gordon-Levitt, Elliot Page",4500,480,74.0,160000000,"$836,848,102",UA,126,148
239,The Lord of the Rings: The Two Towers,8.8,2002,2h 59m,"Action, Adventure, Drama",Peter Jackson,"While Frodo and Sam edge closer to Mordor with the help of the shifty Gollum, the divided fellowship makes a stand against Sauron's new ally, Saruman, and his hordes of Isengard.","J.R.R. Tolkien, Fran Walsh, Philippa Boyens","Elijah Wood, Ian McKellen, Viggo Mortensen",2600,313,87.0,94000000,"$947,896,241",UA,506,179
240,"Il Buono, Il Brutto, Il Cattivo",8.8,1966,2h 41m,"Adventure, Western",Sergio Leone,A bounty hunting scam joins two men in an uneasy alliance against a third in a race to find a fortune in gold buried in a remote cemetery.,"Luciano Vincenzoni, Sergio Leone, Agenore Incrocci","Clint Eastwood, Eli Wallach, Lee Van Cleef",1200,151,90.0,1200000,"$25,253,751",A,613,161
241,Schindler's List,9.0,1993,3h 15m,"Biography, Drama, History",Steven Spielberg,"In German-occupied Poland during World War II, industrialist Oskar Schindler gradually becomes concerned for his Jewish workforce after witnessing their persecution by the Nazis.","Thomas Keneally, Steven Zaillian","Liam Neeson, Ralph Fiennes, Ben Kingsley",2100,169,94.0,22000000,"$322,161,245",A,141,195
242,12 Angry Men,9.0,1957,1h 36m,"Crime, Drama",Sidney Lumet,The jury in a New York City murder trial is frustrated by a single member whose skeptical caution forces them to more carefully consider the evidence before jumping to a hasty verdict.,Reginald Rose,"Henry Fonda, Lee J. Cobb, Martin Balsam",1900,150,96.0,350000,$955,U,294,96
243,Forrest Gump,8.8,1994,2h 22m,"Drama, Romance",Robert Zemeckis,"The presidencies of Kennedy and Johnson, the Vietnam War, the Watergate scandal and other historical events unfold from the perspective of an Alabama man with an IQ of 75, whose only desire is to be reunited with his childhood sweetheart.","Winston Groom, Eric Roth","Tom Hanks, Robin Wright, Gary Sinise",2800,168,82.0,55000000,"$678,226,133",UA,158,142
244,The Lord of the Rings: The Return of the King,9.0,2003,3h 21m,"Action, Adventure, Drama",Peter Jackson,Gandalf and Aragorn lead the World of Men against Sauron's army to draw his gaze from Frodo and Sam as they approach Mount Doom with the One Ring.,"J.R.R. Tolkien, Fran Walsh, Philippa Boyens","Elijah Wood, Viggo Mortensen, Ian McKellen",400,339,94.0,94000000,"$1,146,436,214",U,271,201
245,The Lord of the Rings: The Fellowship of the Ring,8.9,2001,2h 58m,"Action, Adventure, Drama",Peter Jackson,A meek Hobbit from the Shire and eight companions set out on a journey to destroy the powerful One Ring and save Middle-earth from the Dark Lord Sauron.,"J.R.R. Tolkien, Fran Walsh, Philippa Boyens","Elijah Wood, Ian McKellen, Orlando Bloom",5600,211,92.0,93000000,"$898,094,742",U,161,178
246,Pulp Fiction,8.9,1994,2h 34m,"Crime, Drama",Quentin Tarantino,"The lives of two mob hitmen, a boxer, a gangster and his wife, and a pair of diner bandits intertwine in four tales of violence and redemption.","Quentin Tarantino, Roger Avary","John Travolta, Uma Thurman, Samuel L. Jackson",3400,293,94.0,8000000,"$213,928,762",A,131,154
247,The Godfather: Part II,9.0,1974,3h 22m,"Crime, Drama",Francis Ford Coppola,"The early life and career of Vito Corleone in 1920s New York City is portrayed, while his son, Michael, expands and tightens his grip on the family crime syndicate.","Francis Ford Coppola, Mario Puzo","Al Pacino, Robert De Niro, Robert Duvall",1200,179,90.0,13000000,"$47,960,785",A,233,202
248,The Godfather,9.2,1972,2h 55m,"Crime, Drama",Francis Ford Coppola,The aging patriarch of an organized crime dynasty in postwar New York City transfers control of his clandestine empire to his reluctant youngest son.,"Mario Puzo, Francis Ford Coppola","Marlon Brando, Al Pacino, James Caan",4800,265,100.0,6000000,"$250,125,260",A,45,175
249,The Dark Knight,9.1,2008,2h 32m,"Action, Crime, Drama",Christopher Nolan,"When the menace known as the Joker wreaks havoc and chaos on the people of Gotham, Batman must accept one of the greatest psychological and physical tests of his ability to fight injustice.","Jonathan Nolan, Christopher Nolan, David S. Goyer","Christian Bale, Heath Ledger, Aaron Eckhart",800,431,84.0,185000000,"$1,006,102,277",UA,20,152
