,Movie Name,IMDB Rating,Release Year,Runtime,Genres,Directors,Summary,Writers,Stars,User Reviews,Critic Reviews,Metacritic Score,Budget,Gross Box Office Worldwide,Certificate,Popularity Ranking
0,Whiplash,8.5,2014,1h 46m,"Drama, Music",Damien Chazelle,A promising young drummer enrolls at a cut-throat music conservatory where his dreams of greatness are mentored by an instructor who will stop at nothing to realize a student's potential.,Damien Chazelle,"Miles Teller, J.K. Simmons, Melissa Benoist",1.4K,586,88,"$3,300,000 (estimated)","$49,396,747",A,177
1,Intouchables,8.5,2011,1h 52m,"Biography, Comedy, Drama","Olivier Nakache, Éric Toledano","After he becomes a quadriplegic from a paragliding accident, an aristocrat hires a young man from the projects to be his caregiver.","Olivier Nakache, Philippe Pozzo di Borgo, Éric Toledano","François Cluzet, Omar Sy, Anne Le Ny",787,323,57,"€9,500,000 (estimated)","$426,588,510",UA,571
2,Modern Times,8.5,1936,1h 27m,"Comedy, Drama, Romance",Charles Chaplin,,Charles Chaplin,"Charles Chaplin, Paulette Goddard, Henry Bergman",340,121,96,"$1,500,000 (estimated)","$458,676",G,"4,439"
3,C'era Una Volta Il West,8.5,1968,2h 45m,Western,Sergio Leone,A mysterious stranger with a harmonica joins forces with a notorious desperado to protect a beautiful widow from a ruthless assassin working for the railroad.,"Sergio Donati, Sergio Leone, Dario Argento","Henry Fonda, Charles Bronson, Claudia Cardinale",799,143,80,"$5,000,000 (estimated)","$5,434,825",U,"1,116"
4,The Prestige,8.5,2006,2h 10m,"Drama, Mystery, Thriller",Christopher Nolan,"After a tragic accident, two stage magicians in 1890s London engage in a battle to create the ultimate illusion while sacrificing everything they have to outwit each other.","Jonathan Nolan, Christopher Nolan, Christopher Priest","Christian Bale, Hugh Jackman, Scarlett Johansson",1.6K,363,66,"$40,000,000 (estimated)","$109,676,311",U,244
5,Casablanca,8.5,1942,1h 42m,"Drama, Romance, War",Michael Curtiz,A cynical expatriate American cafe owner struggles to decide whether or not to help his former lover and her fugitive husband escape the Nazis in French Morocco.,"Julius J. Epstein, Philip G. Epstein, Howard Koch","Humphrey Bogart, Ingrid Bergman, Paul Henreid",1.4K,211,100,"$950,000 (estimated)","$4,497,613",U,277
6,The Shawshank Redemption,9.3,1994,2h 22m,Drama,Frank Darabont,"Two imprisoned men bond over a number of years, finding solace and eventual redemption through acts of common decency.","Stephen King, Frank Darabont","Tim Robbins, Morgan Freeman, Bob Gunton",10K,193,81,"$25,000,000 (estimated)","$28,884,504",A,46
7,The Usual Suspects,8.5,1995,1h 46m,"Crime, Drama, Mystery",Bryan Singer,"A sole survivor tells of the twisty events leading up to a horrific gun battle on a boat, which began when five criminals met at a seemingly random police lineup.",Christopher McQuarrie,"Kevin Spacey, Gabriel Byrne, Chazz Palminteri",1.4K,147,77,"$6,000,000 (estimated)","$23,341,568",A,378
8,Parasite,8.5,2019,2h 12m,"Comedy, Drama, Thriller",Bong Joon Ho,Greed and class discrimination threaten the newly formed symbiotic relationship between the wealthy Park family and the destitute Kim clan.,"Bong Joon Ho, Han Jin-won","Kang-ho Song, Sun-kyun Lee, Yeo-jeong Cho",3.4K,600,96,"$11,400,000 (estimated)","$263,020,130",A,165
9,Seppuku,8.6,1962,2h 13m,"Action, Drama, Mystery",Masaki Kobayashi,,"Yasuhiko Takiguchi, Shinobu Hashimoto","Tatsuya Nakadai, Akira Ishihama, Shima Iwashita",286,78,85,,"$15,222",Not Rated,"3,348"
10,The Departed,8.5,2006,2h 31m,"Crime, Drama, Thriller",Martin Scorsese,An undercover cop and a mole in the police attempt to identify each other while infiltrating an Irish gang in South Boston.,"William Monahan, Alan Mak, Felix Chong","Leonardo DiCaprio, Matt Damon, Jack Nicholson",2.4K,293,85,"$90,000,000 (estimated)","$291,480,452",A,220
11,Gladiator,8.5,2000,2h 35m,"Action, Adventure, Drama",Ridley Scott,A former Roman General sets out to exact vengeance against the corrupt emperor who murdered his family and sent him into slavery.,"David Franzoni, John Logan, William Nicholson","Russell Crowe, Joaquin Phoenix, Connie Nielsen",2.8K,216,67,"$103,000,000 (estimated)","$465,380,802",UA,257
12,American History X,8.5,1998,1h 59m,Drama,Tony Kaye,A former neo-nazi skinhead tries to prevent his younger brother from going down the same wrong path that he did.,David McKenna,"Edward Norton, Edward Furlong, Beverly D'Angelo",1.6K,123,62,"$20,000,000 (estimated)","$23,875,127",R,622
13,The Pianist,8.6,2002,2h 30m,"Biography, Drama, Music",Roman Polanski,A Polish Jewish musician struggles to survive the destruction of the Warsaw ghetto of World War II.,"Ronald Harwood, Wladyslaw Szpilman","Adrien Brody, Thomas Kretschmann, Frank Finlay",1K,139,85,"$35,000,000 (estimated)","$120,072,577",13,469
14,The Lion King,8.5,1994,1h 28m,"Animation, Adventure, Drama","Roger Allers, Rob Minkoff","Lion prince Simba and his father are targeted by his bitter uncle, who wants to ascend the throne himself.","Irene Mecchi, Jonathan Roberts, Linda Woolverton","Matthew Broderick, Jeremy Irons, James Earl Jones",1.1K,224,88,"$45,000,000 (estimated)","$1,063,611,805",U,461
15,Léon,8.6,1994,1h 50m,"Action, Crime, Drama",Luc Besson,"12-year-old Mathilda is reluctantly taken in by Léon, a professional assassin, after her family is murdered. An unusual relationship forms as she becomes his protégée and learns the assassin's trade.",Luc Besson,"Jean Reno, Gary Oldman, Natalie Portman",1.3K,149,64,"FRF 115,000,000 (estimated)","$19,552,639",A,269
16,Ah-ga-ssi,8.1,2016,2h 25m,"Drama, Romance, Thriller",Park Chan-wook,"A woman is hired as a handmaiden to a Japanese heiress, but secretly she is involved in a plot to defraud her.","Sarah Waters, Seo-kyeong Jeong, Park Chan-wook","Kim Min-hee, Ha Jung-woo, Cho Jin-woong",304,345,84,"₩10,000,000,000 (estimated)","$37,767,206",A,424
17,Dances with Wolves,8.1,1990,3h 1m,"Adventure, Drama, Western",Kevin Costner,"Lieutenant John Dunbar, assigned to a remote western Civil War outpost, befriends wolves and Native Americans, making him an intolerable aberration in the military.",Michael Blake,"Kevin Costner, Mary McDonnell, Graham Greene",523,90,72,"$22,000,000 (estimated)","$424,208,848",U,926
18,The Help,8.1,2011,2h 26m,Drama,Tate Taylor,"An aspiring author during the civil rights movement of the 1960s decides to write a book detailing the African American maids' point of view on the white families for which they work, and the hardships they go through on a daily basis.","Tate Taylor, Kathryn Stockett","Emma Stone, Viola Davis, Octavia Spencer",634,295,62,"$25,000,000 (estimated)","$216,639,112",UA,760
19,Gandhi,8.1,1982,3h 11m,"Biography, Drama",Richard Attenborough,The life of the lawyer who became the famed leader of the Indian revolts against the British rule through his philosophy of nonviolent protest.,John Briley,"Ben Kingsley, John Gielgud, Rohini Hattangadi",321,110,79,"$22,000,000 (estimated)","$52,767,889",U,"2,398"
20,Beauty and the Beast,8.1,1991,1h 24m,"Animation, Family, Fantasy","Gary Trousdale, Kirk Wise",A prince cursed to spend his days as a hideous monster sets out to regain his humanity by earning a young woman's love.,"Linda Woolverton, Brenda Chapman, Chris Sanders","Paige O'Hara, Robby Benson, Jesse Corti",473,207,95,"$25,000,000 (estimated)","$424,967,620",U,"1,381"
21,La Haine,8.1,1995,1h 38m,"Crime, Drama",Mathieu Kassovitz,24 hours in the lives of three young men in the French suburbs the day after a violent riot.,Mathieu Kassovitz,"Vincent Cassel, Hubert Koundé, Saïd Taghmaoui",249,132,,"€2,590,000 (estimated)","$412,914",Not Rated,"2,602"
22,It Happened One Night,8.1,1934,1h 45m,"Comedy, Romance",Frank Capra,"A renegade reporter trailing a young runaway heiress for a big story joins her on a bus heading from Florida to New York, and they end up stuck with each other when the bus leaves them behind at one of the stops.","Robert Riskin, Samuel Hopkins Adams","Clark Gable, Claudette Colbert, Walter Connolly",331,126,87,"$325,000 (estimated)",,Passed,"4,574"
23,Aladdin,8.1,1992,1h 30m,"Animation, Adventure, Comedy","Ron Clements, John Musker",A kindhearted street urchin and a power-hungry Grand Vizier vie for a magic lamp that has the power to make their deepest wishes come true.,"Ron Clements, John Musker, Ted Elliott","Scott Weinger, Robin Williams, Linda Larkin",374,152,86,"$28,000,000 (estimated)","$504,050,219",U,"1,166"
24,The 400 Blows,8.1,1959,1h 39m,"Crime, Drama",François Truffaut,"A young boy, left without attention, delves into a life of petty crime.","François Truffaut, Marcel Moussy","Jean-Pierre Léaud, Albert Rémy, Claire Maurier",233,177,,,"$127,244",U,
25,Persona,8.1,1966,1h 25m,"Drama, Thriller",Ingmar Bergman,A nurse is put in charge of a mute actress and finds that their personae are melding together.,Ingmar Bergman,"Bibi Andersson, Liv Ullmann, Margaretha Krook",263,144,86,,"$90,556",Not Rated,"3,737"
26,Life of Brian,8.1,1979,1h 34m,Comedy,Terry Jones,"Born on the original Christmas in the stable next door to Jesus Christ, Brian of Nazareth spends his life being mistaken for a messiah.","Graham Chapman, John Cleese, Terry Gilliam","Graham Chapman, John Cleese, Michael Palin",438,121,77,"$4,000,000 (estimated)","$20,745,728",R,"2,582"
27,The Sound of Music,8.1,1965,2h 52m,"Biography, Drama, Family",Robert Wise,A young novitiate is sent by her convent in 1930s Austria to become a governess to the seven children of a widowed naval officer.,"George Hurdalek, Howard Lindsay, Russel Crouse","Julie Andrews, Christopher Plummer, Eleanor Parker",542,136,63,"$8,200,000 (estimated)","$159,428,329",U,748
28,Dune,8.1,2021,2h 35m,"Action, Adventure, Drama",Denis Villeneuve,Feature adaptation of Frank Herbert's science fiction novel about the son of a noble family entrusted with the protection of the most valuable asset and most vital element in the galaxy.,"Jon Spaihts, Denis Villeneuve, Eric Roth","Timothée Chalamet, Rebecca Ferguson, Zendaya",5.2K,488,74,"$165,000,000 (estimated)","$400,532,619",UA,11
29,Amores perros,8.1,2000,2h 34m,"Drama, Thriller",Alejandro G. Iñárritu,"A horrific car accident connects three stories, each involving characters dealing with loss, regret, and life's harsh realities, all in the name of love.",Guillermo Arriaga,"Emilio Echevarría, Gael García Bernal, Goya Toledo",416,164,83,"$2,000,000 (estimated)","$20,908,467",A,"3,595"
30,La battaglia di Algeri,8.1,1966,2h 1m,"Drama, War",Gillo Pontecorvo,"In the 1950s, fear and violence escalate as the people of Algiers fight for independence from the French government.","Franco Solinas, Gillo Pontecorvo","Brahim Hadjadj, Jean Martin, Yacef Saadi",308,144,96,"$800,000 (estimated)","$962,002",Not Rated,
31,Pirates of the Caribbean: The Curse of the Black Pearl,8.1,2003,2h 23m,"Action, Adventure, Fantasy",Gore Verbinski,"Blacksmith Will Turner teams up with eccentric pirate ""Captain"" Jack Sparrow to save his love, the governor's daughter, from Jack's former pirate allies, who are now undead.","Ted Elliott, Terry Rossio, Stuart Beattie","Johnny Depp, Geoffrey Rush, Orlando Bloom",2.2K,179,63,"$140,000,000 (estimated)","$654,264,015",UA,281
32,Cool Hand Luke,8.1,1967,2h 7m,"Crime, Drama",Stuart Rosenberg,"A laid back Southern man is sentenced to two years in a rural prison, but refuses to conform.","Donn Pearce, Frank Pierson, Hal Dresner","Paul Newman, George Kennedy, Strother Martin",379,131,92,"$3,200,000 (estimated)",,A,471
33,The Grapes of Wrath,8.1,1940,2h 9m,Drama,John Ford,"An Oklahoma family driven off their farm by the poverty and hopelessness of the Dust Bowl joins the westward migration to California, suffering the misfortunes of the homeless in the Great Depression.","Nunnally Johnson, John Steinbeck","Henry Fonda, Jane Darwell, John Carradine",377,102,96,"$800,000 (estimated)",,Passed,"4,738"
34,To Be or Not to Be,8.2,1942,1h 39m,"Comedy, Romance, War",Ernst Lubitsch,"During the Nazi occupation of Poland, an acting troupe becomes embroiled in a Polish soldier's efforts to track down a German spy.","Melchior Lengyel, Edwin Justus Mayer, Ernst Lubitsch","Carole Lombard, Jack Benny, Robert Stack",155,82,86,,"$4,578,000",Passed,
35,Rebecca,8.1,1940,2h 10m,"Drama, Film-Noir, Mystery",Alfred Hitchcock,A self-conscious woman juggles adjusting to her new role as an aristocrat's wife and avoiding being intimidated by his first wife's spectral presence.,"Daphne Du Maurier, Robert E. Sherwood, Joan Harrison","Laurence Olivier, Joan Fontaine, George Sanders",381,206,86,"$1,288,000 (estimated)","$72,275",Approved,"2,819"
36,Babam Ve Oglum,8.3,2005,1h 52m,"Drama, Family",Cagan Irmak,,Cagan Irmak,"Eser Sariyar, Çetin Tekindor, Fikret Kuskan",138,7,,,"$18,612,999",Not Rated,
37,Before Sunset,8.1,2004,1h 20m,"Drama, Romance",Richard Linklater,"Nine years after Jesse and Celine first met, they encounter each other again on the French leg of Jesse's book tour.","Richard Linklater, Julie Delpy, Ethan Hawke","Ethan Hawke, Julie Delpy, Vernon Dobtcheff",583,231,90,"$2,700,000 (estimated)","$15,936,507",A,"2,833"
38,The Best Years of Our Lives,8.1,1946,2h 50m,"Drama, Romance, War",William Wyler,"Three World War II veterans, two of them traumatized or disabled, return home to the American midwest to discover that they and their families have been irreparably changed.","Robert E. Sherwood, MacKinlay Kantor","Myrna Loy, Dana Andrews, Fredric March",328,112,93,"$2,100,000 (estimated)","$23,656,620",Approved,"4,067"
39,Hachi: A Dog's Tale,8.1,2009,1h 33m,"Biography, Drama, Family",Lasse Hallström,A college professor bonds with an abandoned dog he takes into his home.,"Stephen P. Lindsey, Kaneto Shindô","Richard Gere, Joan Allen, Cary-Hiroyuki Tagawa",594,96,,"$16,000,000 (estimated)","$46,749,646",U,"2,174"
40,Dersu Uzala,8.3,1975,2h 22m,"Adventure, Biography, Drama",Akira Kurosawa,The Russian army sends an explorer on an expedition to the snowy Siberian wilderness where he makes friends with a seasoned local hunter.,"Akira Kurosawa, Yuriy Nagibin, Vladimir Arsenev","Maksim Munzuk, Yuriy Solomin, Mikhail Bychkov",108,54,,"$4,000,000 (estimated)","$14,480",U,
41,Ratatouille,8.1,2007,1h 51m,"Animation, Adventure, Comedy","Brad Bird, Jan Pinkava",A rat who can cook makes an unusual alliance with a young kitchen worker at a famous Paris restaurant.,"Brad Bird, Jan Pinkava, Jim Capobianco","Brad Garrett, Lou Romano, Patton Oswalt",830,319,96,"$150,000,000 (estimated)","$623,726,085",U,526
42,The Incredibles,8.1,2004,1h 55m,"Animation, Action, Adventure",Brad Bird,"A family of undercover superheroes, while trying to live the quiet suburban life, are forced into action to save the world.",Brad Bird,"Craig T. Nelson, Samuel L. Jackson, Holly Hunter",1K,239,90,"$92,000,000 (estimated)","$631,607,053",U,645
43,Network,8.1,1976,2h 1m,Drama,Sidney Lumet,"A television network cynically exploits a deranged former anchor's ravings and revelations about the news media for its own profit, but finds that his message may be difficult to control.",Paddy Chayefsky,"Faye Dunaway, William Holden, Peter Finch",423,182,83,"$3,800,000 (estimated)","$23,690,757",UA,"1,615"
44,The Exorcist,8.1,1973,2h 2m,Horror,William Friedkin,"When a 12-year-old girl is possessed by a mysterious entity, her mother seeks the help of two priests to save her.",William Peter Blatty,"Ellen Burstyn, Max von Sydow, Linda Blair",1.3K,230,81,"$11,000,000 (estimated)","$441,306,145",A,642
45,Spotlight,8.1,2015,2h 9m,"Biography, Crime, Drama",Tom McCarthy,"The true story of how the Boston Globe uncovered the massive scandal of child molestation and cover-up within the local Catholic Archdiocese, shaking the entire Catholic Church to its core.","Josh Singer, Tom McCarthy","Mark Ruffalo, Michael Keaton, Rachel McAdams",679,512,93,"$20,000,000 (estimated)","$98,690,254",A,725
46,The Wizard of Oz,8.1,1939,1h 42m,"Adventure, Family, Fantasy","Victor Fleming, George Cukor, Mervyn LeRoy","Young Dorothy Gale and her dog are swept away by a tornado from their Kansas farm to the magical Land of Oz, and embark on a quest with three new friends to see the Wizard, who can return her to her home and fulfill the others' wishes.","Noel Langley, Florence Ryerson, Edgar Allan Woolf","Judy Garland, Frank Morgan, Ray Bolger",781,158,92,"$2,777,000 (estimated)","$25,637,669",U,838
47,Into the Wild,8.1,2007,2h 28m,"Adventure, Biography, Drama",Sean Penn,"After graduating from Emory University, top student and athlete Christopher McCandless abandons his possessions, gives his entire $24,000 savings account to charity and hitchhikes to Alaska to live in the wilderness. Along the way, Christopher encounters a series of characters that shape his life.","Sean Penn, Jon Krakauer","Emile Hirsch, Vince Vaughn, Catherine Keener",1K,246,73,"$15,000,000 (estimated)","$56,675,895",U,408
48,Groundhog Day,8.1,1993,1h 41m,"Comedy, Drama, Fantasy",Harold Ramis,A self-centered Pittsburgh weatherman finds himself inexplicably trapped in a small town as he lives the same day over and over again.,"Danny Rubin, Harold Ramis","Bill Murray, Andie MacDowell, Chris Elliott",877,138,72,"$14,600,000 (estimated)","$71,108,591",U,"1,543"
49,Logan,8.1,2017,2h 17m,"Action, Drama, Sci-Fi",James Mangold,"In a future where mutants are nearly extinct, an elderly and weary Logan leads a quiet life. But when Laura, a mutant child pursued by scientists, comes to him for help, he must get her to safety.","James Mangold, Scott Frank, Michael Green","Hugh Jackman, Patrick Stewart, Dafne Keen",1.7K,655,77,"$97,000,000 (estimated)","$619,179,950",A,499
50,Rush,8.1,2013,2h 3m,"Action, Biography, Drama",Ron Howard,The merciless 1970s rivalry between Formula One rivals James Hunt and Niki Lauda.,Peter Morgan,"Daniel Brühl, Chris Hemsworth, Olivia Wilde",637,422,74,"$38,000,000 (estimated)","$96,983,009",R,"1,110"
51,Ford v. Ferrari,8.1,2019,2h 32m,"Action, Biography, Drama",James Mangold,American car designer Carroll Shelby and driver Ken Miles battle corporate interference and the laws of physics to build a revolutionary race car for Ford in order to defeat Ferrari at the 24 Hours of Le Mans in 1966.,"Jez Butterworth, John-Henry Butterworth, Jason Keller","Matt Damon, Christian Bale, Jon Bernthal",1.5K,351,81,"$97,600,000 (estimated)","$225,508,210",UA,171
52,The Terminator,8.1,1984,1h 47m,"Action, Sci-Fi",James Cameron,"A human soldier is sent from 2029 to 1984 to stop an almost indestructible cyborg killing machine, sent from the same year, which has been programmed to execute a young woman whose unborn son is the key to humanity's future salvation.","James Cameron, Gale Anne Hurd, William Wisher","Arnold Schwarzenegger, Linda Hamilton, Michael Biehn",1K,243,84,"$6,400,000 (estimated)","$78,371,200",UA,623
53,Platoon,8.1,1986,2h,"Drama, War",Oliver Stone,"Chris Taylor, a neophyte recruit in Vietnam, finds himself caught in a battle of wills between two sergeants, one good and the other evil. A shrewd examination of the brutality of war and the duality of man in conflict.",Oliver Stone,"Charlie Sheen, Tom Berenger, Willem Dafoe",658,134,92,"$6,000,000 (estimated)","$138,545,632",UA,891
54,Stand by Me,8.1,1986,1h 29m,"Adventure, Drama",Rob Reiner,"After the death of one of his friends, a writer recounts a childhood journey with his friends to find the body of a missing boy.","Stephen King, Raynold Gideon, Bruce A. Evans","Wil Wheaton, River Phoenix, Corey Feldman",767,131,75,"$8,000,000 (estimated)","$52,287,414",U,346
55,Tôkyô monogatari,8.2,1953,2h 16m,Drama,Yasujirô Ozu,"An old couple visit their children and grandchildren in the city, but receive little attention.","Kôgo Noda, Yasujirô Ozu","Chishû Ryû, Chieko Higashiyama, Sô Yamamura",197,125,,,"$40,468",U,
56,Hotel Rwanda,8.1,2004,2h 1m,"Biography, Drama, History",Terry George,"Paul Rusesabagina, a hotel manager, houses over a thousand Tutsi refugees during their struggle against the Hutu militia in Rwanda, Africa.","Keir Pearson, Terry George","Don Cheadle, Sophie Okonedo, Joaquin Phoenix",700,156,79,"$17,500,000 (estimated)","$33,882,243",UA,"3,359"
57,La passion de Jeanne d'Arc,8.2,1928,1h 50m,"Biography, Drama, History",Carl Theodor Dreyer,"In 1431, Jeanne d'Arc is placed on trial on charges of heresy. The ecclesiastical jurists attempt to force Jeanne to recant her claims of holy visions.","Joseph Delteil, Carl Theodor Dreyer","Maria Falconetti, Eugene Silvain, André Berley",223,135,,,"$21,877",Passed,
58,Rocky,8.1,1976,2h,"Drama, Sport",John G. Avildsen,A small-time Philadelphia boxer gets a supremely rare chance to fight the world heavyweight champion in a bout in which he strives to go the distance for his self-respect.,Sylvester Stallone,"Sylvester Stallone, Talia Shire, Burt Young",775,190,70,"$960,000 (estimated)","$117,250,402",U,713
59,Jaws,8.1,1975,2h 4m,"Adventure, Thriller",Steven Spielberg,"When a killer shark unleashes chaos on a beach community off Long Island, it's up to a local sheriff, a marine biologist, and an old seafarer to hunt the beast down.","Peter Benchley, Carl Gottlieb","Roy Scheider, Robert Shaw, Richard Dreyfuss",1.3K,286,87,"$7,000,000 (estimated)","$471,411,300",A,701
60,Mary and Max,8.1,2009,1h 32m,"Animation, Comedy, Drama",Adam Elliot,"A tale of friendship between two unlikely pen pals: Mary, a lonely, eight-year-old girl living in the suburbs of Melbourne, and Max, a forty-four-year old, severely obese man living in New York.",Adam Elliot,"Toni Collette, Philip Seymour Hoffman, Eric Bana",257,178,,"A$8,240,000 (estimated)","$1,740,429",Not Rated,
61,Dead Poets Society,8.1,1989,2h 8m,"Comedy, Drama",Peter Weir,Maverick teacher John Keating uses poetry to embolden his boarding school students to new heights of self-expression.,Tom Schulman,"Robin Williams, Robert Sean Leonard, Ethan Hawke",732,114,79,"$16,400,000 (estimated)","$235,860,116",U,637
62,"Monsters, Inc.",8.1,2001,1h 32m,"Animation, Adventure, Comedy","Pete Docter, David Silverman, Lee Unkrich","In order to power the city, monsters have to scare children so that they scream. However, the children are toxic to the monsters, and after a child gets through, two monsters realize things may not be what they think.","Pete Docter, Jill Culton, Jeff Pidgeon","Billy Crystal, John Goodman, Mary Gibbs",759,242,79,"$115,000,000 (estimated)","$579,707,738",U,980
63,Relatos Salvajes,8.1,2014,2h 2m,"Comedy, Drama, Thriller",Damián Szifron,Six short stories that explore the extremities of human behavior involving people in distress.,"Germán Servidio, Damián Szifron","Darío Grandinetti, María Marull, Mónica Villa",276,315,77,"$3,300,000 (estimated)","$30,642,704",18,"2,800"
64,Mad Max: Fury Road,8.1,2015,2h,"Action, Adventure, Sci-Fi",George Miller,"In a post-apocalyptic wasteland, a woman rebels against a tyrannical ruler in search for her homeland with the aid of a group of female prisoners, a psychotic worshiper, and a drifter named Max.","George Miller, Brendan McCarthy, Nick Lathouris","Tom Hardy, Charlize Theron, Nicholas Hoult",2.2K,833,90,"$150,000,000 (estimated)","$375,709,470",UA,147
65,The Big Lebowski,8.1,1998,1h 57m,"Comedy, Crime","Joel Coen, Ethan Coen","Ultimate L.A. slacker Jeff ""The Dude"" Lebowski, mistaken for a millionaire of the same name, seeks restitution for a rug ruined by debt collectors, enlisting his bowling buddies for help while trying to find the millionaire's missing wife.","Ethan Coen, Joel Coen","Jeff Bridges, John Goodman, Julianne Moore",1.3K,199,71,"$15,000,000 (estimated)","$46,969,081",UA,453
66,Det Sjunde Inseglet,8.1,1957,1h 36m,"Drama, Fantasy, History",Ingmar Bergman,,Ingmar Bergman,"Max von Sydow, Gunnar Björnstrand, Bengt Ekerot",385,138,88,"$150,000 (estimated)","$262,979",A,"2,951"
67,Barry Lyndon,8.1,1975,3h 5m,"Adventure, Drama, History",Stanley Kubrick,An Irish rogue wins the heart of a rich widow and assumes her dead husband's aristocratic position in 18th-century England.,"Stanley Kubrick, William Makepeace Thackeray","Ryan O'Neal, Marisa Berenson, Patrick Magee",513,114,89,"$11,000,000 (estimated)","$198,992",U,"1,969"
68,Salinui Chueok,8.1,2003,2h 11m,"Crime, Drama, Mystery",Bong Joon Ho,"In a small Korean province in 1986, two detectives struggle with the case of multiple young women being found raped and murdered by an unknown culprit.","Bong Joon Ho, Kwang-rim Kim, Sung-bo Shim","Kang-ho Song, Kim Sang-kyung, Roe-ha Kim",349,175,82,"$2,800,000 (estimated)","$1,166,717",UA,"1,207"
69,Le Salaire De La Peur,8.2,1953,2h 11m,"Adventure, Drama, Thriller",Henri-Georges Clouzot,"In a decrepit South American village, four men are hired to transport an urgent nitroglycerine shipment without the equipment that would make it safe.","Georges Arnaud, Henri-Georges Clouzot, Jérôme Géronimi","Yves Montand, Charles Vanel, Peter van Eyck",185,139,85,,"$1,098",U,
70,How to Train Your Dragon,8.1,2010,1h 38m,"Animation, Action, Adventure","Dean DeBlois, Chris Sanders","A hapless young Viking who aspires to hunt dragons becomes the unlikely friend of a young dragon himself, and learns there may be more to the creatures than he assumed.","William Davies, Dean DeBlois, Chris Sanders","Jay Baruchel, Gerard Butler, Christopher Mintz-Plasse",692,193,75,"$165,000,000 (estimated)","$494,879,471",U,"1,243"
71,Klaus,8.2,2019,1h 36m,"Animation, Adventure, Comedy","Sergio Pablos, Carlos Martínez López","A simple act of kindness always sparks another, even in a frozen, faraway place. When Smeerensburg's new postman, Jesper, befriends toymaker Klaus, their gifts melt an age-old feud and deliver a sleigh full of holiday traditions.","Sergio Pablos, Jim Mahoney, Zach Lewis","Jason Schwartzman, J.K. Simmons, Rashida Jones",791,114,65,"$40,000,000 (estimated)",,7,"4,030"
72,Pather Panchali,8.4,1955,2h 5m,Drama,Satyajit Ray,"Impoverished priest Harihar Ray, dreaming of a better life for himself and his family, leaves his rural Bengal village in search of work.","Bibhutibhushan Bandyopadhyay, Satyajit Ray","Kanu Bannerjee, Karuna Bannerjee, Subir Banerjee",175,117,,,"$135,342",U,
73,Hacksaw Ridge,8.1,2016,2h 19m,"Biography, Drama, History",Mel Gibson,"World War II American Army Medic Desmond T. Doss, who served during the Battle of Okinawa, refuses to kill people and becomes the first man in American history to receive the Medal of Honor without firing a shot.","Robert Schenkkan, Andrew Knight","Andrew Garfield, Sam Worthington, Luke Bracey",1K,477,71,"$40,000,000 (estimated)","$180,563,636",A,189
74,Room,8.1,2015,1h 58m,"Drama, Thriller",Lenny Abrahamson,"Held captive for 7 years in an enclosed space, a woman and her young son finally gain their freedom, allowing the boy to experience the outside world for the first time.",Emma Donoghue,"Brie Larson, Jacob Tremblay, Sean Bridgers",776,484,86,"$13,000,000 (estimated)","$35,401,758",U,940
75,Sherlock Jr.,8.2,1924,45m,"Action, Comedy, Romance",Buster Keaton,"A film projectionist longs to be a detective, and puts his meagre skills to work when he is framed by a rival for stealing his girlfriend's father's pocketwatch.","Jean C. Havez, Joseph A. Mitchell, Clyde Bruckman","Buster Keaton, Kathryn McGuire, Joe Keaton",342,77,,,,Passed,
76,Mr. Smith Goes to Washington,8.1,1939,2h 9m,"Comedy, Drama",Frank Capra,"A naive youth leader is appointed to fill a vacancy in the U.S. Senate. His idealistic plans promptly collide with corruption at home and subterfuge from his hero in Washington, but he tries to forge ahead despite attacks on his character.","Sidney Buchman, Lewis R. Foster, Myles Connolly","James Stewart, Jean Arthur, Claude Rains",332,99,73,"$1,900,000 (estimated)","$144,738",U,"1,875"
77,In the Name of the Father,8.1,1993,2h 13m,"Biography, Crime, Drama",Jim Sheridan,,"Gerry Conlon, Terry George, Jim Sheridan","Daniel Day-Lewis, Pete Postlethwaite, Alison Crosbie",212,62,84,"$13,000,000 (estimated)","$65,796,862",UA,"2,286"
78,The Grand Budapest Hotel,8.1,2014,1h 39m,"Adventure, Comedy, Crime",Wes Anderson,"A writer encounters the owner of an aging high-class hotel, who tells him of his early years serving as a lobby boy in the hotel's glorious years under an exceptional concierge.","Stefan Zweig, Wes Anderson, Hugo Guinness","Ralph Fiennes, F. Murray Abraham, Mathieu Amalric",1K,572,88,"$25,000,000 (estimated)","$173,082,189",UA,397
79,Before Sunrise,8.1,1995,1h 41m,"Drama, Romance",Richard Linklater,"A young man and woman meet on a train in Europe, and wind up spending one evening together in Vienna. Unfortunately, both know that this will probably be their only night together.","Richard Linklater, Kim Krizan","Ethan Hawke, Julie Delpy, Andrea Eckert",570,152,77,"$2,500,000 (estimated)","$5,987,386",16,"1,445"
80,The Deer Hunter,8.1,1978,3h 3m,"Drama, War",Michael Cimino,An in-depth examination of the ways in which the Vietnam War impacts and disrupts the lives of several friends in a small steel mill town in Pennsylvania.,"Michael Cimino, Deric Washburn, Louis Garfinkle","Robert De Niro, Christopher Walken, John Cazale",1.2K,141,86,"$15,000,000 (estimated)","$49,074,379",A,844
81,Smultronstället,8.2,1957,1h 31m,"Drama, Romance",Ingmar Bergman,,Ingmar Bergman,"Victor Sjöström, Bibi Andersson, Ingrid Thulin",211,103,88,,"$14,524",U,
82,The General,8.2,1926,1h 7m,"Action, Adventure, Comedy","Clyde Bruckman, Buster Keaton","After being rejected by the Confederate military, not realizing it was due to his crucial civilian role, an engineer must single-handedly recapture his beloved locomotive after it is seized by Union spies and return it through enemy lines.","Buster Keaton, Clyde Bruckman, Al Boasberg","Buster Keaton, Marion Mack, Glen Cavender",325,120,,"$750,000 (estimated)",,Passed,
83,Ben-Hur,8.1,1959,3h 32m,"Adventure, Drama, History",William Wyler,"After a Jewish prince is betrayed and sent into slavery by a Roman friend in 1st-century Jerusalem, he regains his freedom and comes back for revenge.","Lew Wallace, Karl Tunberg, Gore Vidal","Charlton Heston, Jack Hawkins, Stephen Boyd",486,132,90,"$15,000,000 (estimated)","$74,437,720",U,"1,354"
84,12 Years a Slave,8.1,2013,2h 14m,"Biography, Drama, History",Steve McQueen,"In the antebellum United States, Solomon Northup, a free black man from upstate New York, is abducted and sold into slavery.","John Ridley, Solomon Northup","Chiwetel Ejiofor, Michael Kenneth Williams, Michael Fassbender",953,487,96,"$20,000,000 (estimated)","$187,733,202",A,428
85,Gone Girl,8.1,2014,2h 29m,"Drama, Mystery, Thriller",David Fincher,"With his wife's disappearance having become the focus of an intense media circus, a man sees the spotlight turned on him when it's suspected that he may not be innocent.",Gillian Flynn,"Ben Affleck, Rosamund Pike, Neil Patrick Harris",1.6K,627,79,"$61,000,000 (estimated)","$369,330,363",A,217
86,On the Waterfront,8.1,1954,1h 48m,"Crime, Drama, Thriller",Elia Kazan,"An ex-prize fighter turned New Jersey longshoreman struggles to stand up to his corrupt union bosses, including his older brother, as he starts to connect with the grieving sister of one of the syndicate's victims.","Budd Schulberg, Malcolm Johnson, Robert Siodmak","Marlon Brando, Karl Malden, Lee J. Cobb",374,165,91,"$910,000 (estimated)",,A,"2,436"
87,Catch Me If You Can,8.1,2002,2h 21m,"Biography, Crime, Drama",Steven Spielberg,"Barely 21 yet, Frank is a skilled forger who has passed as a doctor, lawyer and pilot. FBI agent Carl becomes obsessed with tracking down the con man, who only revels in the pursuit.","Jeff Nathanson, Frank Abagnale Jr., Stan Redding","Leonardo DiCaprio, Tom Hanks, Christopher Walken",956,195,75,"$52,000,000 (estimated)","$352,114,312",A,600
88,The Gold Rush,8.2,1925,1h 35m,"Adventure, Comedy, Drama",Charles Chaplin,"A prospector goes to the Klondike during the 1890s gold rush in hopes of making his fortune, and is smitten with a girl he sees in a dance hall.",Charles Chaplin,"Charles Chaplin, Mack Swain, Tom Murray",215,124,,"$923,000 (estimated)","$26,916",Passed,
89,Bacheha-Ye Aseman,8.2,1997,1h 29m,"Drama, Family, Sport",Majid Majidi,"After a boy loses his sister's pair of shoes, he goes on a series of adventures in order to find them. When he can't, he tries a new way to ""win"" a new pair.",Majid Majidi,"Mohammad Amir Naji, Amir Farrokh Hashemian, Bahare Seddiqi",201,59,77,"$180,000 (estimated)","$933,933",PG,
90,The Third Man,8.1,1949,1h 44m,"Film-Noir, Mystery, Thriller",Carol Reed,"Pulp novelist Holly Martins travels to shadowy, postwar Vienna, only to find himself investigating the mysterious death of an old friend, Harry Lime.","Graham Greene, Orson Welles, Alexander Korda","Orson Welles, Joseph Cotten, Alida Valli",506,210,97,,"$1,226,797",U,"3,156"
91,Blade Runner,8.1,1982,1h 57m,"Action, Drama, Sci-Fi",Ridley Scott,"A blade runner must pursue and terminate four replicants who stole a ship in space, and have returned to Earth to find their creator.","Hampton Fancher, David Webb Peoples, Philip K. Dick","Harrison Ford, Rutger Hauer, Sean Young",1.6K,275,84,MVR 20 (estimated),"$41,722,424",UA,543
92,Harry Potter and the Deathly Hallows: Part 2,8.2,2011,2h 10m,"Adventure, Fantasy, Mystery",David Yates,"Harry, Ron, and Hermione search for Voldemort's remaining Horcruxes in their effort to destroy the Dark Lord as the final battle rages on at Hogwarts.","Steve Kloves, J.K. Rowling","Daniel Radcliffe, Emma Watson, Rupert Grint",1K,487,85,"$125,000,000 (estimated)","$1,342,359,942",UA,434
93,Million Dollar Baby,8.1,2004,2h 12m,"Drama, Sport",Clint Eastwood,A determined woman works with a hardened boxing trainer to become a professional.,"Paul Haggis, F.X. Toole","Hilary Swank, Clint Eastwood, Morgan Freeman",1.3K,260,86,"$30,000,000 (estimated)","$216,763,646",UA,971
94,My Neighbour Totoro,8.2,1988,1h 26m,"Animation, Comedy, Family",Hayao Miyazaki,"When two girls move to the country to be near their ailing mother, they have adventures with the wondrous forest spirits who live nearby.",Hayao Miyazaki,"Hitoshi Takagi, Noriko Hidaka, Chika Sakamoto",542,146,86,"$3,700,000 (estimated)","$30,574,632",U,"2,193"
95,Fargo,8.1,1996,1h 38m,"Crime, Thriller","Joel Coen, Ethan Coen",Minnesota car salesman Jerry Lundegaard's inept crime falls apart due to his and his henchmen's bungling and the persistent police work of the quite pregnant Marge Gunderson.,"Ethan Coen, Joel Coen","William H. Macy, Frances McDormand, Steve Buscemi",1K,230,85,"$7,000,000 (estimated)","$60,611,975",A,567
96,Prisoners,8.1,2013,2h 33m,"Crime, Drama, Mystery",Denis Villeneuve,"When Keller Dover's daughter and her friend go missing, he takes matters into his own hands as the police pursue multiple leads and the pressure mounts.",Aaron Guzikowski,"Hugh Jackman, Jake Gyllenhaal, Viola Davis",1.1K,497,70,"$46,000,000 (estimated)","$122,126,687",A,118
97,Warrior,8.2,2011,2h 20m,"Action, Drama, Sport",Gavin O'Connor,"The youngest son of an alcoholic former boxer returns home, where he's trained by his father for competition in a mixed martial arts tournament - a path that puts the fighter on a collision course with his estranged, older brother.","Gavin O'Connor, Anthony Tambakis, Cliff Dorfman","Tom Hardy, Nick Nolte, Joel Edgerton",780,334,71,"$25,000,000 (estimated)","$23,308,615",UA,561
98,Gran Torino,8.1,2008,1h 56m,Drama,Clint Eastwood,"Disgruntled Korean War veteran Walt Kowalski sets out to reform his neighbor, Thao Lor, a Hmong teenager who tried to steal Kowalski's prized possession: a 1972 Gran Torino.","Nick Schenk, Dave Johannson","Clint Eastwood, Bee Vang, Christopher Carley",1K,366,72,"$33,000,000 (estimated)","$269,958,228",UA,"1,576"
99,"Three Billboards Outside Ebbing, Missouri",8.1,2017,1h 55m,"Comedy, Crime, Drama",Martin McDonagh,A mother personally challenges the local authorities to solve her daughter's murder when they fail to catch the culprit.,Martin McDonagh,"Frances McDormand, Woody Harrelson, Sam Rockwell",1.3K,572,88,"$15,000,000 (estimated)","$160,260,573",A,778
100,Trainspotting,8.2,1996,1h 33m,Drama,Danny Boyle,"Renton, deeply immersed in the Edinburgh drug scene, tries to clean up and get out, despite the allure of the drugs and influence of friends.","Irvine Welsh, John Hodge","Ewan McGregor, Ewen Bremner, Jonny Lee Miller",672,153,83,"£1,500,000 (estimated)","$16,767,475",A,703
101,The Bridge on the River Kwai,8.2,1957,2h 41m,"Adventure, Drama, War",David Lean,"British POWs are forced to build a railway bridge across the river Kwai for their Japanese captors in occupied Burma, not knowing that the allied forces are planning a daring commando raid through the jungle to destroy it.","Pierre Boulle, Carl Foreman, Michael Wilson","William Holden, Alec Guinness, Jack Hawkins",369,104,87,"$3,000,000 (estimated)","$27,200,000",U,"3,033"
102,El Secreto De Sus Ojos,8.2,2009,2h 9m,"Drama, Mystery, Romance",Juan José Campanella,A retired legal counselor writes a novel hoping to find closure for one of his past unresolved homicide cases and for his unreciprocated love with his superior - both of which still haunt him decades later.,"Eduardo Sacheri, Juan José Campanella","Ricardo Darín, Soledad Villamil, Pablo Rago",338,280,80,"$2,000,000 (estimated)","$35,079,650",R,"2,337"
103,Hauru No Ugoku Shiro,8.2,2004,1h 59m,"Animation, Adventure, Family",Hayao Miyazaki,"When an unconfident young woman is cursed with an old body by a spiteful witch, her only chance of breaking the spell lies with a self-indulgent yet insecure young wizard and his companions in his legged, walking castle.","Hayao Miyazaki, Diana Wynne Jones","Chieko Baishô, Takuya Kimura, Tatsuya Gashûin",528,240,80,"$24,000,000 (estimated)","$236,237,421",U,738
104,Dial M for Murder,8.2,1954,1h 45m,"Crime, Thriller",Alfred Hitchcock,A former tennis star arranges the murder of his adulterous wife.,Frederick Knott,"Ray Milland, Grace Kelly, Robert Cummings",405,113,75,"$1,400,000 (estimated)","$31,207",A,"3,719"
105,The Thing,8.2,1982,1h 49m,"Horror, Mystery, Sci-Fi",John Carpenter,A research team in Antarctica is hunted by a shape-shifting alien that assumes the appearance of its victims.,"Bill Lancaster, John W. Campbell Jr.","Kurt Russell, Wilford Brimley, Keith David",1.2K,373,57,"$15,000,000 (estimated)","$19,632,053",A,756
106,Chinatown,8.2,1974,2h 10m,"Drama, Mystery, Thriller",Roman Polanski,"A private detective hired to expose an adulterer in 1930s Los Angeles finds himself caught up in a web of deceit, corruption, and murder.","Robert Towne, Roman Polanski","Jack Nicholson, Faye Dunaway, John Huston",591,161,92,"$6,000,000 (estimated)","$29,225,935",UA,"1,010"
107,"Lock, Stock and Two Smoking Barrels",8.2,1998,1h 47m,"Action, Comedy, Crime",Guy Ritchie,"Eddy persuades his three pals to pool money for a vital poker game against a powerful local mobster, Hatchet Harry. Eddy loses, after which Harry gives him a week to pay back 500,000 pounds.",Guy Ritchie,"Jason Flemyng, Dexter Fletcher, Nick Moran",631,113,66,"£960,000 (estimated)","$3,753,929",A,"1,109"
108,Inside Out,8.2,2015,1h 35m,"Animation, Adventure, Comedy","Pete Docter, Ronnie Del Carmen","After young Riley is uprooted from her Midwest life and moved to San Francisco, her emotions - Joy, Fear, Anger, Disgust and Sadness - conflict on how best to navigate a new city, house, and school.","Pete Docter, Ronnie Del Carmen, Meg LeFauve","Amy Poehler, Bill Hader, Lewis Black",1.1K,593,94,"$175,000,000 (estimated)","$858,848,019",U,504
109,Gone with the Wind,8.2,1939,3h 58m,"Drama, History, Romance","Victor Fleming, George Cukor, Sam Wood",The manipulative daughter of a Georgia plantation owner conducts a turbulent romance with a roguish profiteer during the American Civil War and Reconstruction periods.,"Margaret Mitchell, Sidney Howard, Oliver H.P. Garrett","Clark Gable, Vivien Leigh, Thomas Mitchell",957,192,97,"$3,977,000 (estimated)","$402,382,193",U,907
110,The Elephant Man,8.2,1980,2h 4m,"Biography, Drama",David Lynch,"A Victorian surgeon rescues a heavily disfigured man who is mistreated while scraping a living as a side-show freak. Behind his monstrous façade, there is revealed a person of kindness, intelligence and sophistication.","Christopher De Vore, Eric Bergren, David Lynch","Anthony Hopkins, John Hurt, Anne Bancroft",464,157,78,"$5,000,000 (estimated)","$26,023,860",UA,"1,661"
111,Raging Bull,8.2,1980,2h 9m,"Biography, Drama, Sport",Martin Scorsese,"The life of boxer Jake LaMotta, whose violence and temper that led him to the top in the ring destroyed his life outside of it.","Jake LaMotta, Joseph Carter, Peter Savage","Robert De Niro, Cathy Moriarty, Joe Pesci",651,151,89,"$18,000,000 (estimated)","$23,402,427",A,"1,324"
112,V for Vendetta,8.2,2005,2h 12m,"Action, Drama, Sci-Fi",James McTeigue,"In a future British tyranny, a shadowy freedom fighter, known only by the alias of ""V,"" plots to overthrow it with the help of a young woman.","Lilly Wachowski, Lana Wachowski, David Lloyd","Hugo Weaving, Natalie Portman, Rupert Graves",2.3K,206,62,"$54,000,000 (estimated)","$132,511,035",UA,355
113,Kill Bill: Vol. 1,8.2,2003,1h 51m,"Action, Crime, Drama",Quentin Tarantino,"After awakening from a four-year coma, a former assassin wreaks vengeance on the team of assassins who betrayed her.","Quentin Tarantino, Uma Thurman","Uma Thurman, David Carradine, Daryl Hannah",2.4K,329,69,"$30,000,000 (estimated)","$180,906,076",R,568
114,Rashōmon,8.2,1950,1h 28m,"Crime, Drama, Mystery",Akira Kurosawa,"The rape of a bride and the murder of her samurai husband are recalled from the perspectives of a bandit, the bride, the samurai's ghost and a woodcutter.","Ryûnosuke Akutagawa, Akira Kurosawa, Shinobu Hashimoto","Toshirô Mifune, Machiko Kyô, Masayuki Mori",382,134,98,"$250,000 (estimated)","$46,808",U,"3,614"
115,Finding Nemo,8.2,2003,1h 40m,"Animation, Adventure, Comedy","Andrew Stanton, Lee Unkrich","After his son is captured in the Great Barrier Reef and taken to Sydney, a timid clownfish sets out on a journey to bring him home.","Andrew Stanton, Bob Peterson, David Reynolds","Albert Brooks, Ellen DeGeneres, Alexander Gould",1K,157,90,"$94,000,000 (estimated)","$940,352,645",U,843
116,Jurassic Park,8.2,1993,2h 7m,"Action, Adventure, Sci-Fi",Steven Spielberg,A pragmatic paleontologist touring an almost complete theme park on an island in Central America is tasked with protecting a couple of kids after a power failure causes the park's cloned dinosaurs to run loose.,"Michael Crichton, David Koepp","Sam Neill, Laura Dern, Jeff Goldblum",1.3K,241,68,"$63,000,000 (estimated)","$1,099,428,303",UA,221
117,The Great Escape,8.2,1963,2h 52m,"Adventure, Drama, History",John Sturges,Allied prisoners of war plan for several hundred of their number to escape from a German camp during World War II.,"Paul Brickhill, James Clavell, W.R. Burnett","Steve McQueen, James Garner, Richard Attenborough",413,119,86,"$4,000,000 (estimated)","$228,178",U,"1,559"
118,Shutter Island,8.2,2010,2h 18m,"Mystery, Thriller",Martin Scorsese,"In 1954, a U.S. Marshal investigates the disappearance of a murderer who escaped from a hospital for the criminally insane.","Laeta Kalogridis, Dennis Lehane","Leonardo DiCaprio, Emily Mortimer, Mark Ruffalo",1.5K,523,63,"$80,000,000 (estimated)","$294,805,697",A,305
119,No Country for Old Men,8.2,2007,2h 2m,"Crime, Drama, Thriller","Ethan Coen, Joel Coen",Violence and mayhem ensue after a hunter stumbles upon a drug deal gone wrong and more than two million dollars in cash near the Rio Grande.,"Joel Coen, Ethan Coen, Cormac McCarthy","Tommy Lee Jones, Javier Bardem, Josh Brolin",2K,515,91,"$25,000,000 (estimated)","$171,627,166",18,275
120,The Treasure of the Sierra Madre,8.2,1948,2h 6m,"Adventure, Drama, Western",John Huston,Two down-on-their-luck Americans searching for work in 1920s Mexico convince an old prospector to help them mine for gold in the Sierra Madre Mountains.,"John Huston, B. Traven","Humphrey Bogart, Walter Huston, Tim Holt",306,103,98,"$3,000,000 (estimated)","$5,014,000",Passed,"3,086"
121,Yôjinbô,8.2,1961,1h 50m,"Action, Drama, Thriller",Akira Kurosawa,A crafty ronin comes to a town divided by two criminal gangs and decides to play them against each other to free the town.,"Akira Kurosawa, Ryûzô Kikushima","Toshirô Mifune, Eijirô Tôno, Tatsuya Nakadai",224,135,93,,"$46,808",U,
122,The Truman Show,8.2,1998,1h 43m,"Comedy, Drama",Peter Weir,An insurance salesman discovers his whole life is actually a reality TV show.,Andrew Niccol,"Jim Carrey, Ed Harris, Laura Linney",1.3K,249,90,"$60,000,000 (estimated)","$264,118,201",U,540
123,There Will Be Blood,8.2,2007,2h 38m,Drama,Paul Thomas Anderson,"A story of family, religion, hatred, oil and madness, focusing on a turn-of-the-century prospector in the early days of the business.","Paul Thomas Anderson, Upton Sinclair","Daniel Day-Lewis, Paul Dano, Ciarán Hinds",1.4K,351,93,"$25,000,000 (estimated)","$76,182,388",A,169
124,Monty Python and the Holy Grail,8.2,1975,1h 31m,"Adventure, Comedy, Fantasy","Terry Gilliam, Terry Jones","King Arthur and his Knights of the Round Table embark on a surreal, low-budget search for the Holy Grail, encountering many, very silly obstacles.","Graham Chapman, John Cleese, Eric Idle","Graham Chapman, John Cleese, Eric Idle",822,114,91,"£229,575 (estimated)","$1,940,906",U,"1,577"
125,The Sixth Sense,8.2,1999,1h 47m,"Drama, Mystery, Thriller",M. Night Shyamalan,"A frightened, withdrawn Philadelphia boy who communicates with spirits seeks the help of a disheartened child psychologist.",M. Night Shyamalan,"Bruce Willis, Haley Joel Osment, Toni Collette",2.3K,258,64,"$40,000,000 (estimated)","$672,806,432",A,490
126,A Beautiful Mind,8.2,2001,2h 15m,"Biography, Drama",Ron Howard,"After John Nash, a brilliant but asocial mathematician, accepts secret work in cryptography, his life takes a turn for the nightmarish.","Akiva Goldsman, Sylvia Nasar","Russell Crowe, Ed Harris, Jennifer Connelly",1.3K,154,72,"$58,000,000 (estimated)","$316,791,257",UA,847
127,Ran,8.2,1985,2h 42m,"Action, Drama, War",Akira Kurosawa,"In Medieval Japan, an elderly warlord retires, handing over his empire to his three sons. However, he vastly underestimates how the new-found power will corrupt them and cause them to turn on each other...and him.","Akira Kurosawa, Hideo Oguni, Masato Ide","Tatsuya Nakadai, Akira Terao, Jinpachi Nezu",322,166,96,"$11,500,000 (estimated)","$4,164,283",U,"3,226"
128,El Laberinto Del Fauno,8.2,2006,1h 58m,"Drama, Fantasy, War",Guillermo del Toro,"In the Falangist Spain of 1944, the bookish young stepdaughter of a sadistic army officer escapes into an eerie but captivating fantasy world.",Guillermo del Toro,"Ivana Baquero, Ariadna Gil, Sergi López",1.3K,460,98,"$19,000,000 (estimated)","$83,862,032",UA,729
129,Judgment at Nuremberg,8.3,1961,2h 59m,"Drama, War",Stanley Kramer,"In 1948, an American court in occupied Germany tries four Nazis judged for war crimes.","Abby Mann, Montgomery Clift","Spencer Tracy, Burt Lancaster, Richard Widmark",247,104,60,"$3,000,000 (estimated)","$12,180",A,"2,705"
130,Unforgiven,8.2,1992,2h 10m,"Drama, Western",Clint Eastwood,"Retired Old West gunslinger William Munny reluctantly takes on one last job, with the help of his old partner Ned Logan and a young man, The ""Schofield Kid.""",David Webb Peoples,"Clint Eastwood, Gene Hackman, Morgan Freeman",668,136,85,"$14,400,000 (estimated)","$159,167,799",A,826
131,All About Eve,8.3,1950,2h 18m,Drama,Joseph L. Mankiewicz,A seemingly timid but secretly ruthless ingénue insinuates herself into the lives of an aging Broadway star and her circle of theater friends.,"Joseph L. Mankiewicz, Mary Orr","Bette Davis, Anne Baxter, George Sanders",408,152,98,"$1,400,000 (estimated)","$151,052",Passed,"2,484"
132,The Father,8.3,2020,1h 37m,"Drama, Mystery",Florian Zeller,"A man refuses all assistance from his daughter as he ages. As he tries to make sense of his changing circumstances, he begins to doubt his loved ones, his own mind and even the fabric of his reality.","Christopher Hampton, Florian Zeller","Anthony Hopkins, Olivia Colman, Mark Gatiss",942,301,88,,"$23,740,378",UA,365
133,Casino,8.2,1995,2h 58m,"Crime, Drama",Martin Scorsese,"A tale of greed, deception, money, power, and murder occur between two best friends: a mafia enforcer and a casino executive compete against each other over a gambling empire, and over a fast-living and fast-loving socialite.","Nicholas Pileggi, Martin Scorsese","Robert De Niro, Sharon Stone, Joe Pesci",727,124,73,"$52,000,000 (estimated)","$116,112,375",A,343
134,Green Book,8.2,2018,2h 10m,"Biography, Comedy, Drama",Peter Farrelly,A working-class Italian-American bouncer becomes the driver of an African-American classical pianist on a tour of venues through the 1960s American South.,"Nick Vallelonga, Brian Hayes Currie, Peter Farrelly","Viggo Mortensen, Mahershala Ali, Linda Cardellini",1.7K,422,69,"$23,000,000 (estimated)","$321,752,656",UA,493
135,The Wolf of Wall Street,8.2,2013,3h,"Biography, Comedy, Crime",Martin Scorsese,"Based on the true story of Jordan Belfort, from his rise to a wealthy stock-broker living the high life to his fall involving crime, corruption and the federal government.","Terence Winter, Jordan Belfort","Leonardo DiCaprio, Jonah Hill, Margot Robbie",1.7K,418,75,"$100,000,000 (estimated)","$392,000,694",A,88
136,Some Like It Hot,8.2,1959,2h 1m,"Comedy, Music, Romance",Billy Wilder,"After two male musicians witness a mob hit, they flee the state in an all-female band disguised as women, but further complications set in.","Billy Wilder, I.A.L. Diamond, Robert Thoeren","Marilyn Monroe, Tony Curtis, Jack Lemmon",479,225,98,"$2,883,848 (estimated)","$195,088",U,927
137,The Kid,8.3,1921,1h 8m,"Comedy, Drama, Family",Charles Chaplin,,Charles Chaplin,"Charles Chaplin, Edna Purviance, Jackie Coogan",228,115,,"$250,000 (estimated)","$40,759",Passed,
138,Der Untergang,8.2,2004,2h 36m,"Biography, Drama, History",Oliver Hirschbiegel,,"Bernd Eichinger, Joachim Fest, Traudl Junge","Bruno Ganz, Alexandra Maria Lara, Ulrich Matthes",674,116,82,"€13,500,000 (estimated)","$92,181,574",R,934
139,Dangal,8.4,2016,2h 41m,"Action, Biography, Drama",Nitesh Tiwari,Former wrestler Mahavir Singh Phogat and his two wrestler daughters struggle towards glory at the Commonwealth Games in the face of societal oppression.,"Piyush Gupta, Shreyas Jain, Nikhil Mehrotra","Aamir Khan, Sakshi Tanwar, Fatima Sana Shaikh",453,64,,"₹700,000,000 (estimated)","$303,723,636",U,"1,400"
140,Taare Zameen Par,8.4,2007,2h 45m,"Drama, Family","Aamir Khan, Amole Gupte","An eight-year-old boy is thought to be a lazy trouble-maker, until the new art teacher has the patience and compassion to discover the real problem behind his struggles in school.",Amole Gupte,"Darsheel Safary, Aamir Khan, Tisca Chopra",441,37,,,"$21,897,373",U,"2,971"
141,Per qualche dollaro in più,8.3,1965,2h 12m,Western,Sergio Leone,Two bounty hunters with the same intentions team up to track down an escaped Mexican outlaw.,"Sergio Leone, Fulvio Morsella, Luciano Vincenzoni","Clint Eastwood, Lee Van Cleef, Gian Maria Volontè",333,98,74,"$600,000 (estimated)","$15,000,000",U,"3,149"
142,Incendies,8.3,2010,2h 11m,"Drama, Mystery, War",Denis Villeneuve,Twins journey to the Middle East to discover their family history and fulfill their mother's last wishes.,"Denis Villeneuve, Wajdi Mouawad, Valérie Beaugrand-Champagne","Lubna Azabal, Mélissa Désormeaux-Poulin, Maxim Gaudette",307,245,80,"$6,800,000 (estimated)","$6,788,659",18,"1,281"
143,1917,8.3,2019,1h 59m,"Action, Drama, War",Sam Mendes,"April 6th, 1917. As an infantry battalion assembles to wage war deep in enemy territory, two soldiers are assigned to race against time and deliver a message that will stop 1,600 men from walking straight into a deadly trap.","Sam Mendes, Krysty Wilson-Cairns","Dean-Charles Chapman, George MacKay, Daniel Mays",3.3K,515,78,"$95,000,000 (estimated)","$384,919,389",R,239
144,The Batman,8.4,2022,2h 56m,"Action, Crime, Drama",Matt Reeves,"When the Riddler, a sadistic serial killer, begins murdering key political figures in Gotham, Batman is forced to investigate the city's hidden corruption and question his family's involvement.","Matt Reeves, Peter Craig, Bill Finger","Robert Pattinson, Zoë Kravitz, Jeffrey Wright",4K,395,72,,"$598,091,000",UA,1
145,Batman Begins,8.3,2005,2h 20m,"Action, Crime, Drama",Christopher Nolan,"After training with his mentor, Batman begins his fight to free crime-ridden Gotham City from corruption.","Bob Kane, David S. Goyer, Christopher Nolan","Christian Bale, Michael Caine, Ken Watanabe",3K,334,70,"$150,000,000 (estimated)","$373,672,993",UA,44
146,Jodaeiye Nader Az Simin,8.3,2011,2h 3m,Drama,Asghar Farhadi,A married couple are faced with a difficult decision - to improve the life of their child by moving to another country or to stay in Iran and look after a deteriorating parent who has Alzheimer's disease.,Asghar Farhadi,"Payman Maadi, Leila Hatami, Sareh Bayat",419,372,95,"$500,000 (estimated)","$22,926,076",7,"2,540"
147,Ladri Di Biciclette,8.3,1948,1h 29m,Drama,Vittorio De Sica,"In post-war Italy, a working-class man's bicycle is stolen, endangering his efforts to find work. He and his son set out to find it.","Cesare Zavattini, Luigi Bartolini, Oreste Biancoli","Lamberto Maggiorani, Enzo Staiola, Lianella Carell",340,139,,"$133,000 (estimated)","$436,655",Not Rated,"4,964"
148,Indiana Jones and the Last Crusade,8.3,1989,2h 7m,"Action, Adventure",Steven Spielberg,"In 1938, after his father Professor Henry Jones, Sr. goes missing while pursuing the Holy Grail, Professor Henry ""Indiana"" Jones, Jr. finds himself up against Adolf Hitler's Nazis again to stop them from obtaining its powers.","Jeffrey Boam, George Lucas, Menno Meyjes","Harrison Ford, Sean Connery, Alison Doody",649,177,65,"$48,000,000 (estimated)","$474,171,806",U,"1,368"
149,Metropolis,8.3,1927,2h 33m,"Drama, Sci-Fi",Fritz Lang,"In a futuristic city sharply divided between the working class and the city planners, the son of the city's mastermind falls in love with a working-class prophet who predicts the coming of a savior to mediate their differences.","Thea von Harbou, Fritz Lang","Brigitte Helm, Alfred Abel, Gustav Fröhlich",525,218,98,"DEM 6,000,000 (estimated)","$1,349,711",Not Rated,"1,809"
150,Snatch,8.3,2000,1h 44m,"Comedy, Crime",Guy Ritchie,"Unscrupulous boxing promoters, violent bookmakers, a Russian gangster, incompetent amateur robbers and supposedly Jewish jewelers fight to track down a priceless stolen diamond.",Guy Ritchie,"Jason Statham, Brad Pitt, Stephen Graham",911,165,55,"£6,000,000 (estimated)","$83,557,872",UA,491
151,Ikiru,8.3,1952,2h 23m,Drama,Akira Kurosawa,A bureaucrat tries to find meaning in his life after he discovers he has terminal cancer.,"Akira Kurosawa, Shinobu Hashimoto, Hideo Oguni","Takashi Shimura, Nobuo Kaneko, Shin'ichi Himori",240,136,91,,"$96,302",U,"4,598"
152,Die Hard,8.3,1988,2h 12m,"Action, Thriller",John McTiernan,An NYPD officer tries to save his wife and several others taken hostage by German terrorists during a Christmas party at the Nakatomi Plaza in Los Angeles.,"Roderick Thorp, Jeb Stuart, Steven E. de Souza","Bruce Willis, Alan Rickman, Bonnie Bedelia",1K,217,72,"$28,000,000 (estimated)","$141,603,197",A,483
153,L.A. Confidential,8.3,1997,2h 18m,"Crime, Drama, Mystery",Curtis Hanson,"As corruption grows in 1950s Los Angeles, three policemen - one strait-laced, one brutal, and one sleazy - investigate a series of murders with their own brand of justice.","James Ellroy, Brian Helgeland, Curtis Hanson","Kevin Spacey, Russell Crowe, Guy Pearce",786,146,90,"$35,000,000 (estimated)","$126,216,940",A,374
154,Heat,8.3,1995,2h 50m,"Action, Crime, Drama",Michael Mann,A group of high-end professional thieves start to feel the heat from the LAPD when they unknowingly leave a clue at their latest heist.,Michael Mann,"Al Pacino, Robert De Niro, Val Kilmer",1.2K,208,76,"$60,000,000 (estimated)","$187,436,818",A,282
155,Hamilton,8.4,2020,2h 40m,"Biography, Drama, History",Thomas Kail,"The real life of one of America's foremost founding fathers and first Secretary of the Treasury, Alexander Hamilton. Captured live on Broadway from the Richard Rodgers Theater with the original Broadway cast.","Lin-Manuel Miranda, Ron Chernow","Lin-Manuel Miranda, Phillipa Soo, Leslie Odom Jr.",697,104,90,,,12+,340
156,Up,8.3,2009,1h 36m,"Animation, Adventure, Comedy","Pete Docter, Bob Peterson","78-year-old Carl Fredricksen travels to Paradise Falls in his house equipped with balloons, inadvertently taking a young stowaway.","Pete Docter, Bob Peterson, Tom McCarthy","Edward Asner, Jordan Nagai, John Ratzenberger",1K,408,88,"$175,000,000 (estimated)","$735,099,102",U,902
157,The Sting,8.3,1973,2h 9m,"Comedy, Crime, Drama",George Roy Hill,Two grifters team up to pull off the ultimate con.,David S. Ward,"Paul Newman, Robert Redford, Robert Shaw",337,132,83,"$5,500,000 (estimated)","$156,000,000",U,639
158,To Kill a Mockingbird,8.3,1962,2h 9m,"Crime, Drama",Robert Mulligan,"Atticus Finch, a widowed lawyer in Depression-era Alabama, defends a black man against an undeserved rape charge, and his children against prejudice.","Harper Lee, Horton Foote","Gregory Peck, John Megna, Frank Overton",599,159,88,"$2,000,000 (estimated)","$599,146",U,"1,366"
159,Double Indemnity,8.3,1944,1h 47m,"Crime, Drama, Film-Noir",Billy Wilder,"A Los Angeles insurance representative lets an alluring housewife seduce him into a scheme of insurance fraud and murder that arouses the suspicion of his colleague, an insurance investigator.","Billy Wilder, Raymond Chandler, James M. Cain","Fred MacMurray, Barbara Stanwyck, Edward G. Robinson",450,155,95,"$927,262 (estimated)","$14,190",Passed,"3,857"
160,Taxi Driver,8.3,1976,1h 54m,"Crime, Drama",Martin Scorsese,"A mentally unstable veteran works as a nighttime taxi driver in New York City, where the perceived decadence and sleaze fuels his urge for violent action.",Paul Schrader,"Robert De Niro, Jodie Foster, Cybill Shepherd",1.3K,293,94,"$1,300,000 (estimated)","$28,570,902",A,319
161,Idi I Smotri,8.4,1985,2h 22m,"Drama, Thriller, War",Elem Klimov,"After finding an old rifle, a young boy joins the Soviet resistance movement against ruthless German forces and experiences the horrors of World War II.","Ales Adamovich, Elem Klimov","Aleksey Kravchenko, Olga Mironova, Liubomiras Laucevicius",607,125,,,"$20,929,068",A,585
162,Scarface,8.3,1983,2h 50m,"Crime, Drama",Brian De Palma,"In 1980 Miami, a determined Cuban immigrant takes over a drug cartel and succumbs to greed.","Oliver Stone, Howard Hawks, Ben Hecht","Al Pacino, Michelle Pfeiffer, Steven Bauer",1.2K,180,65,"$25,000,000 (estimated)","$65,884,703",A,375
163,The Apartment,8.3,1960,2h 5m,"Comedy, Drama, Romance",Billy Wilder,"A Manhattan insurance clerk tries to rise in his company by letting its executives use his apartment for trysts, but complications and a romance of his own ensue.","Billy Wilder, I.A.L. Diamond","Jack Lemmon, Shirley MacLaine, Fred MacMurray",393,231,94,"$3,000,000 (estimated)","$18,778,738",U,"2,371"
164,Full Metal Jacket,8.3,1987,1h 56m,"Drama, War",Stanley Kubrick,A pragmatic U.S. Marine observes the dehumanizing effects the Vietnam War has on his fellow recruits from their brutal boot camp training to the bloody street fighting in Hue.,"Stanley Kubrick, Michael Herr, Gustav Hasford","Matthew Modine, R. Lee Ermey, Vincent D'Onofrio",926,159,76,"$30,000,000 (estimated)","$46,357,676",UA,655
165,A Clockwork Orange,8.3,1971,2h 16m,"Crime, Sci-Fi",Stanley Kubrick,"In the future, a sadistic gang leader is imprisoned and volunteers for a conduct-aversion experiment, but it doesn't go as planned.","Stanley Kubrick, Anthony Burgess","Malcolm McDowell, Patrick Magee, Michael Bates",1.6K,199,77,"$2,200,000 (estimated)","$26,960,374",A,455
166,Le fabuleux destin d'Amélie Poulain,8.3,2001,2h 2m,"Comedy, Romance",Jean-Pierre Jeunet,"Amélie is an innocent and naive girl in Paris with her own sense of justice. She decides to help those around her and, along the way, discovers love.","Guillaume Laurant, Jean-Pierre Jeunet","Audrey Tautou, Mathieu Kassovitz, Rufus",1.5K,151,69,"$10,000,000 (estimated)","$174,118,254",U,955
167,M - Eine Stadt sucht einen Mörder,8.3,1931,1h 57m,"Crime, Mystery, Thriller",Fritz Lang,"When the police in a German city are unable to catch a child-murderer, other criminals join in the manhunt.","Thea von Harbou, Fritz Lang, Egon Jacobsohn","Peter Lorre, Ellen Widmann, Inge Landgut",403,175,,,"$35,566",Passed,"2,278"
168,Jagten,8.3,2012,1h 55m,Drama,Thomas Vinterberg,"A teacher lives a lonely life, all the while struggling over his son's custody. His life slowly gets better as he finds love and receives good news from his son, but his new luck is about to be brutally shattered by an innocent little lie.","Tobias Lindholm, Thomas Vinterberg","Mads Mikkelsen, Thomas Bo Larsen, Annika Wedderkopp",523,382,77,"$3,800,000 (estimated)","$15,843,274",7,627
169,Vertigo,8.3,1958,2h 8m,"Mystery, Romance, Thriller",Alfred Hitchcock,"A former San Francisco police detective juggles wrestling with his personal demons and becoming obsessed with the hauntingly beautiful woman he has been hired to trail, who may be deeply disturbed.","Alec Coppel, Samuel A. Taylor, Pierre Boileau","James Stewart, Kim Novak, Barbara Bel Geddes",993,197,100,"$2,479,000 (estimated)","$7,797,728",A,"1,675"
170,North by Northwest,8.3,1959,2h 16m,"Adventure, Mystery, Thriller",Alfred Hitchcock,"A New York City advertising executive goes on the run after being mistaken for a government agent by a group of foreign spies, and falls for a woman whose loyalties he begins to doubt.",Ernest Lehman,"Cary Grant, Eva Marie Saint, James Mason",692,182,98,"$3,101,000 (estimated)","$142,319",U,"1,804"
171,Lawrence of Arabia,8.3,1962,3h 38m,"Adventure, Biography, Drama",David Lean,"The story of T.E. Lawrence, the English officer who successfully united and led the diverse, often warring, Arab tribes during World War I in order to fight the Turks.","Robert Bolt, Michael Wilson","Peter O'Toole, Alec Guinness, Anthony Quinn",736,158,100,"$15,000,000 (estimated)","$45,715,757",U,"1,708"
172,Tengoku to Jigoku,8.4,1963,2h 23m,"Crime, Drama, Mystery",Akira Kurosawa,An executive of a Yokohama shoe company becomes a victim of extortion when his chauffeur's son is kidnapped by mistake and held for ransom.,"Hideo Oguni, Ryûzô Kikushima, Eijirô Hisaita","Toshirô Mifune, Yutaka Sada, Tatsuya Nakadai",146,97,,,"$46,808",Not Rated,
173,Citizen Kane,8.3,1941,1h 59m,"Drama, Mystery",Orson Welles,"Following the death of publishing tycoon Charles Foster Kane, reporters scramble to uncover the meaning of his final utterance; 'Rosebud'.","Herman J. Mankiewicz, Orson Welles, John Houseman","Orson Welles, Joseph Cotten, Dorothy Comingore",1.6K,265,100,"$839,727 (estimated)","$1,645,133",UA,"1,515"
174,Capharnaüm,8.4,2018,2h 6m,Drama,Nadine Labaki,"While serving a five-year sentence for a violent crime, a 12-year-old boy sues his parents for neglect.","Nadine Labaki, Jihad Hojeily, Michelle Keserwany","Zain Al Rafeea, Yordanos Shiferaw, Boluwatife Treasure Bankole",457,195,75,"$4,000,000 (estimated)","$64,417,003",A,"1,286"
175,2001: A Space Odyssey,8.3,1968,2h 29m,"Adventure, Sci-Fi",Stanley Kubrick,"The Monoliths push humanity to reach for the stars; after their discovery in Africa generations ago, the mysterious objects lead mankind on an awesome journey to Jupiter, with the help of H.A.L. 9000: the world's greatest supercomputer.","Stanley Kubrick, Arthur C. Clarke","Keir Dullea, Gary Lockwood, William Sylvester",2.3K,285,84,"$12,000,000 (estimated)","$65,877,808",U,628
176,Reservoir Dogs,8.3,1992,1h 39m,"Crime, Drama, Thriller",Quentin Tarantino,"When a simple jewelry heist goes horribly wrong, the surviving criminals begin to suspect that one of them is a police informant.","Quentin Tarantino, Roger Avary","Harvey Keitel, Tim Roth, Michael Madsen",1.2K,190,79,"$1,200,000 (estimated)","$2,913,644",15+,545
177,Eternal Sunshine of the Spotless Mind,8.3,2004,1h 48m,"Drama, Romance, Sci-Fi",Michel Gondry,"When their relationship turns sour, a couple undergoes a medical procedure to have each other erased from their memories.","Charlie Kaufman, Michel Gondry, Pierre Bismuth","Jim Carrey, Kate Winslet, Tom Wilkinson",1.9K,301,89,"$20,000,000 (estimated)","$74,036,715",UA,201
178,Kimi No Na Wa.,8.4,2016,1h 46m,"Animation, Drama, Fantasy",Makoto Shinkai,"Two strangers find themselves linked in a bizarre way. When a connection forms, will distance be the only thing to keep them apart?","Makoto Shinkai, Clark Cheng","Ryûnosuke Kamiki, Mone Kamishiraishi, Ryô Narita",947,242,79,"¥370,000,000 (estimated)","$358,180,115",U,791
179,Star Wars: Episode VI - Return of the Jedi,8.3,1983,2h 11m,"Action, Adventure, Fantasy",Richard Marquand,"After a daring mission to rescue Han Solo from Jabba the Hutt, the Rebels dispatch to Endor to destroy the second Death Star. Meanwhile, Luke struggles to help Darth Vader back from the dark side without falling into the Emperor's trap.","Lawrence Kasdan, George Lucas","Mark Hamill, Harrison Ford, Carrie Fisher",929,207,58,"$32,500,000 (estimated)","$475,106,177",U,744
180,3 Idiots,8.5,2009,2h 50m,"Comedy, Drama",Rajkumar Hirani,"Two friends are searching for their long lost companion. They revisit their college days and recall the memories of their friend who inspired them to think differently, even as the rest of the world called them ""idiots"".","Rajkumar Hirani, Abhijat Joshi, Vidhu Vinod Chopra","Aamir Khan, Madhavan, Mona Singh",877,57,67,"₹550,000,000 (estimated)","$60,262,836",UA,544
181,Singin' in the Rain,8.3,1952,1h 43m,"Comedy, Musical, Romance","Stanley Donen, Gene Kelly",A silent film star falls for a chorus girl just as he and his delusionally jealous screen partner are trying to make the difficult transition to talking pictures in 1920s Hollywood.,"Betty Comden, Adolph Green","Gene Kelly, Donald O'Connor, Debbie Reynolds",763,164,99,"$2,540,800 (estimated)","$1,923,485",G,"1,831"
182,Requiem for a Dream,8.3,2000,1h 42m,Drama,Darren Aronofsky,The drug-induced utopias of four Coney Island people are shattered when their addictions run deep.,"Hubert Selby Jr., Darren Aronofsky","Ellen Burstyn, Jared Leto, Jennifer Connelly",2.2K,257,68,"$4,500,000 (estimated)","$7,390,108",A,263
183,Good Will Hunting,8.3,1997,2h 6m,"Drama, Romance",Gus Van Sant,"Will Hunting, a janitor at M.I.T., has a gift for mathematics, but needs help from a psychologist to find direction in his life.","Matt Damon, Ben Affleck","Robin Williams, Matt Damon, Ben Affleck",993,158,70,"$10,000,000 (estimated)","$225,933,435",U,170
184,Toy Story 3,8.3,2010,1h 43m,"Animation, Adventure, Comedy",Lee Unkrich,"The toys are mistakenly delivered to a day-care center instead of the attic right before Andy leaves for college, and it's up to Woody to convince the other toys that they weren't abandoned and to return home.","John Lasseter, Andrew Stanton, Lee Unkrich","Tom Hanks, Tim Allen, Joan Cusack",951,465,92,"$200,000,000 (estimated)","$1,066,970,811",U,"1,517"
185,Once Upon a Time in America,8.4,1984,3h 49m,"Crime, Drama",Sergio Leone,"A former Prohibition-era Jewish gangster returns to the Lower East Side of Manhattan 35 years later, where he must once again confront the ghosts and regrets of his old life.","Harry Grey, Leonardo Benvenuti, Piero De Bernardi","Robert De Niro, James Woods, Elizabeth McGovern",781,132,75,"$30,000,000 (estimated)","$5,473,337",A,398
186,Mononoke-hime,8.4,1997,2h 14m,"Animation, Action, Adventure",Hayao Miyazaki,"On a journey to find the cure for a Tatarigami's curse, Ashitaka finds himself in the middle of a war between the forest gods and Tatara, a mining colony. In this quest he also meets San, the Mononoke Hime.","Hayao Miyazaki, Neil Gaiman","Yôji Matsuda, Yuriko Ishida, Yûko Tanaka",776,127,76,"¥2,400,000,000 (estimated)","$169,785,704",U,"1,273"
187,Das Boot,8.4,1981,,"Drama, War",Wolfgang Petersen,"The claustrophobic world of a WWII German U-boat; boredom, filth and sheer terror.","Wolfgang Petersen, Lothar G. Buchheim","Jürgen Prochnow, Herbert Grönemeyer, Klaus Wennemann",553,108,86,"DEM 32,000,000 (estimated)","$11,487,676",,"1,868"
188,Inglourious Basterds,8.3,2009,2h 33m,"Adventure, Drama, War",Quentin Tarantino,"In Nazi-occupied France during World War II, a plan to assassinate Nazi leaders by a group of Jewish U.S. soldiers coincides with a theatre owner's vengeful plans for the same.",Quentin Tarantino,"Brad Pitt, Diane Kruger, Eli Roth",2K,399,69,"$70,000,000 (estimated)","$321,457,747",A,156
189,Coco,8.4,2017,1h 45m,"Animation, Adventure, Comedy","Lee Unkrich, Adrian Molina","Aspiring musician Miguel, confronted with his family's ancestral ban on music, enters the Land of the Dead to find his great-great-grandfather, a legendary singer.","Lee Unkrich, Jason Katz, Matthew Aldrich","Anthony Gonzalez, Gael García Bernal, Benjamin Bratt",1.3K,415,81,"$175,000,000 (estimated)","$807,817,888",U,454
190,Amadeus,8.4,1984,2h 40m,"Biography, Drama, Music",Milos Forman,"The life, success and troubles of Wolfgang Amadeus Mozart, as told by Antonio Salieri, the contemporaneous composer who was insanely jealous of Mozart's talent and claimed to have murdered him.","Peter Shaffer, Zdenek Mahler","F. Murray Abraham, Tom Hulce, Elizabeth Berridge",694,126,88,"$18,000,000 (estimated)","$52,066,791",PG,895
191,Toy Story,8.3,1995,1h 21m,"Animation, Adventure, Comedy",John Lasseter,A cowboy doll is profoundly threatened and jealous when a new spaceman figure supplants him as top toy in a boy's room.,"John Lasseter, Pete Docter, Andrew Stanton","Tom Hanks, Tim Allen, Don Rickles",725,157,95,"$30,000,000 (estimated)","$394,436,586",U,749
192,Braveheart,8.4,1995,2h 58m,"Biography, Drama, History",Mel Gibson,Scottish warrior William Wallace leads his countrymen in a rebellion to free his homeland from the tyranny of King Edward I of England.,Randall Wallace,"Mel Gibson, Sophie Marceau, Patrick McGoohan",1.3K,148,68,"$72,000,000 (estimated)","$213,216,216",A,297
193,Avengers: Endgame,8.4,2019,3h 1m,"Action, Adventure, Drama","Anthony Russo, Joe Russo","After the devastating events of Avengers: Infinity War (2018), the universe is in ruins. With the help of remaining allies, the Avengers assemble once more in order to reverse Thanos' actions and restore balance to the universe.","Christopher Markus, Stephen McFeely, Stan Lee","Robert Downey Jr., Chris Evans, Mark Ruffalo",9.4K,587,78,"$356,000,000 (estimated)","$2,797,501,328",UA,72
194,Oldeuboi,8.4,2003,1h 41m,"Action, Drama, Mystery",Park Chan-wook,"After being kidnapped and imprisoned for fifteen years, Oh Dae-Su is released, only to find that he must find his captor in five days.","Garon Tsuchiya, Nobuaki Minegishi, Park Chan-wook","Choi Min-sik, Yoo Ji-Tae, Kang Hye-jeong",1.1K,335,77,"$3,000,000 (estimated)","$15,194,593",A,552
195,American Beauty,8.4,1999,2h 2m,Drama,Sam Mendes,A sexually frustrated suburban father has a mid-life crisis after becoming infatuated with his daughter's best friend.,Alan Ball,"Kevin Spacey, Annette Bening, Thora Birch",2.9K,208,84,"$15,000,000 (estimated)","$356,296,601",UA,315
196,The Dark Knight Rises,8.4,2012,2h 44m,"Action, Crime, Drama",Christopher Nolan,"Eight years after the Joker's reign of anarchy, Batman, with the help of the enigmatic Catwoman, is forced from his exile to save Gotham City from the brutal guerrilla terrorist Bane.","Jonathan Nolan, Christopher Nolan, David S. Goyer","Christian Bale, Tom Hardy, Anne Hathaway",3.6K,558,78,"$250,000,000 (estimated)","$1,081,153,097",UA,51
197,Spider-Man: Into the Spider-Verse,8.4,2018,1h 57m,"Animation, Action, Adventure","Bob Persichetti, Peter Ramsey, Rodney Rothman","Teen Miles Morales becomes the Spider-Man of his universe, and must join with five spider-powered individuals from other dimensions to stop a threat for all realities.","Phil Lord, Rodney Rothman","Shameik Moore, Jake Johnson, Hailee Steinfeld",2.1K,416,87,"$90,000,000 (estimated)","$375,540,831",U,192
198,Dr. Strangelove or: How I Learned to Stop Worrying and Love the Bomb,8.4,1964,1h 35m,"Comedy, War",Stanley Kubrick,"An insane American general orders a bombing attack on the Soviet Union, triggering a path to nuclear holocaust that a war room full of politicians and generals frantically tries to stop.","Stanley Kubrick, Terry Southern, Peter George","Peter Sellers, George C. Scott, Sterling Hayden",1K,231,97,"$1,800,000 (estimated)","$9,523,464",A,834
199,Joker,8.4,2019,2h 2m,"Crime, Drama, Thriller",Todd Phillips,"In Gotham City, mentally troubled comedian Arthur Fleck is disregarded and mistreated by society. He then embarks on a downward spiral of revolution and bloody crime. This path brings him face-to-face with his alter-ego: the Joker.","Todd Phillips, Scott Silver, Bob Kane","Joaquin Phoenix, Robert De Niro, Zazie Beetz",11.2K,693,59,"$55,000,000 (estimated)","$1,074,445,730",A,69
200,Spider-Man: No Way Home,8.6,2021,2h 28m,"Action, Adventure, Fantasy",Jon Watts,"With Spider-Man's identity now revealed, Peter asks Doctor Strange for help. When a spell goes wrong, dangerous foes from other worlds start to appear, forcing Peter to discover what it truly means to be Spider-Man.","Chris McKenna, Erik Sommers, Stan Lee","Tom Holland, Zendaya, Benedict Cumberbatch",5.5K,361,71,"$200,000,000 (estimated)","$1,884,543,553",UA,5
201,Witness for the Prosecution,8.4,1957,1h 56m,"Crime, Drama, Mystery",Billy Wilder,A veteran British barrister must defend his client in a murder trial that has surprise after surprise.,"Agatha Christie, Billy Wilder, Harry Kurnitz","Tyrone Power, Marlene Dietrich, Charles Laughton",316,87,,"$3,000,000 (estimated)","$7,693",U,"3,440"
202,The Great Dictator,8.4,1940,2h 5m,"Comedy, Drama, War",Charles Chaplin,Dictator Adenoid Hynkel tries to expand his empire while a poor Jewish barber tries to avoid persecution from Hynkel's regime.,Charles Chaplin,"Charles Chaplin, Paulette Goddard, Jack Oakie",314,119,,"$2,000,000 (estimated)","$969,946",G,"3,228"
203,The Shining,8.4,1980,2h 26m,"Drama, Horror",Stanley Kubrick,"A family heads to an isolated hotel for the winter where a sinister presence influences the father into violence, while his psychic son sees horrific forebodings from both past and future.","Stephen King, Stanley Kubrick, Diane Johnson","Jack Nicholson, Shelley Duvall, Danny Lloyd",2K,353,66,"$19,000,000 (estimated)","$47,299,460",A,339
204,Alien 2,8.4,1986,2h 17m,"Action, Adventure, Sci-Fi",James Cameron,"Fifty-seven years after surviving an apocalyptic attack aboard her space vessel by merciless space creatures, Officer Ripley awakens from hyper-sleep and tries to warn anyone who will listen about the predators.","James Cameron, David Giler, Walter Hill","Sigourney Weaver, Michael Biehn, Carrie Henn",1.4K,219,84,"$18,500,000 (estimated)","$131,060,248",U,462
205,Paths of Glory,8.4,1957,1h 28m,"Drama, War",Stanley Kubrick,"After refusing to attack an enemy position, a general accuses the soldiers of cowardice and their commanding officer must defend them.","Stanley Kubrick, Calder Willingham, Jim Thompson","Kirk Douglas, Ralph Meeker, Adolphe Menjou",484,165,90,"$935,000 (estimated)","$5,252",A,"2,830"
206,Sunset Blvd.,8.4,1950,1h 50m,"Drama, Film-Noir",Billy Wilder,A screenwriter develops a dangerous relationship with a faded film star determined to make a triumphant return.,"Charles Brackett, Billy Wilder, D.M. Marshman Jr.","William Holden, Gloria Swanson, Erich von Stroheim",672,191,,"$1,752,000 (estimated)","$300,073",Passed,"1,873"
207,Avengers: Infinity War,8.5,2018,2h 29m,"Action, Adventure, Sci-Fi","Anthony Russo, Joe Russo",The Avengers and their allies must be willing to sacrifice all in an attempt to defeat the powerful Thanos before his blitz of devastation and ruin puts an end to the universe.,"Christopher Markus, Stephen McFeely, Stan Lee","Robert Downey Jr., Chris Hemsworth, Mark Ruffalo",4.5K,624,68,"$321,000,000 (estimated)","$2,048,359,754",UA,144
208,Django Unchained,8.5,2012,2h 45m,"Drama, Western",Quentin Tarantino,"With the help of a German bounty-hunter, a freed slave sets out to rescue his wife from a brutal plantation-owner in Mississippi.",Quentin Tarantino,"Jamie Foxx, Christoph Waltz, Leonardo DiCaprio",1.7K,657,81,"$100,000,000 (estimated)","$426,074,373",A,190
209,Das Leben Der Anderen,8.4,2006,2h 17m,"Drama, Mystery, Thriller",Florian Henckel von Donnersmarck,,Florian Henckel von Donnersmarck,"Ulrich Mühe, Martina Gedeck, Sebastian Koch",551,218,89,"$2,000,000 (estimated)","$77,356,942",A,"1,102"
210,WALL·E,8.4,2008,1h 38m,"Animation, Adventure, Family",Andrew Stanton,"In the distant future, a small waste-collecting robot inadvertently embarks on a space journey that will ultimately decide the fate of mankind.","Andrew Stanton, Pete Docter, Jim Reardon","Ben Burtt, Elissa Knight, Jeff Garlin",1.4K,271,95,"$180,000,000 (estimated)","$521,311,890",U,829
211,Raiders of the Lost Ark,8.4,1981,1h 55m,"Action, Adventure",Steven Spielberg,"In 1936, archaeologist and adventurer Indiana Jones is hired by the U.S. government to find the Ark of the Covenant before Adolf Hitler's Nazis can obtain its awesome powers.","Lawrence Kasdan, George Lucas, Philip Kaufman","Harrison Ford, Karen Allen, Paul Freeman",1K,270,85,"$18,000,000 (estimated)","$389,925,971",A,624
212,Cinema Paradiso,8.5,1988,2h 35m,"Drama, Romance",Giuseppe Tornatore,A filmmaker recalls his childhood when falling in love with the pictures at the cinema of his home village and forms a deep friendship with the cinema's projectionist.,"Giuseppe Tornatore, Vanna Paoli","Philippe Noiret, Enzo Cannavale, Antonella Attili",579,118,80,"$5,000,000 (estimated)","$13,019,063",U,"1,886"
213,Apocalypse Now,8.5,1979,2h 27m,"Drama, Mystery, War",Francis Ford Coppola,A U.S. Army officer serving in Vietnam is tasked with assassinating a renegade Special Forces Colonel who sees himself as a god.,"John Milius, Francis Ford Coppola, Michael Herr","Martin Sheen, Marlon Brando, Robert Duvall",1.3K,297,94,"$31,500,000 (estimated)","$92,158,064",R,320
214,City Lights,8.5,1931,1h 27m,"Comedy, Drama, Romance",Charles Chaplin,,"Charles Chaplin, Harry Carr, Harry Crocker","Charles Chaplin, Virginia Cherrill, Florence Lee",331,125,99,"$1,500,000 (estimated)","$47,017",G,
215,Memento,8.5,2000,1h 53m,"Mystery, Thriller",Christopher Nolan,A man with short-term memory loss attempts to track down his wife's murderer.,"Christopher Nolan, Jonathan Nolan","Guy Pearce, Carrie-Anne Moss, Joe Pantoliano",2.4K,228,80,"$9,000,000 (estimated)","$40,047,078",UA,370
216,Grave of the Fireflies,8.5,1988,1h 29m,"Animation, Drama, War",Isao Takahata,A young boy and his little sister struggle to survive in Japan during World War II.,"Akiyuki Nosaka, Isao Takahata","Tsutomu Tatsumi, Ayano Shiraishi, Akemi Yamaguchi",907,137,94,"$3,700,000 (estimated)","$516,962",U,"1,185"
217,Alien,8.5,1979,1h 57m,"Horror, Sci-Fi",Ridley Scott,The crew of a commercial spacecraft encounter a deadly lifeform after investigating an unknown transmission.,"Dan O'Bannon, Ronald Shusett","Sigourney Weaver, Tom Skerritt, John Hurt",1.6K,317,89,"$11,000,000 (estimated)","$106,285,522",R,266
218,Rear Window,8.5,1954,1h 52m,"Mystery, Thriller",Alfred Hitchcock,"A wheelchair-bound photographer spies on his neighbors from his Greenwich Village courtyard apartment window, and becomes convinced one of them has committed murder, despite the skepticism of his fashion-model girlfriend.","John Michael Hayes, Cornell Woolrich","James Stewart, Grace Kelly, Wendell Corey",958,175,100,"$1,000,000 (estimated)","$37,034,514",U,"1,562"
219,Psycho,8.5,1960,1h 49m,"Horror, Mystery, Thriller",Alfred Hitchcock,"A Phoenix secretary embezzles $40,000 from her employer's client, goes on the run, and checks into a remote motel run by a young man under the domination of his mother.","Joseph Stefano, Robert Bloch","Anthony Perkins, Janet Leigh, Vera Miles",1.4K,252,97,"$806,947 (estimated)","$32,041,931",A,653
220,Spirited Away,8.6,2001,2h 5m,"Animation, Adventure, Family",Hayao Miyazaki,"During her family's move to the suburbs, a sullen 10-year-old girl wanders into a world ruled by gods, witches, and spirits, and where humans are changed into beasts.",Hayao Miyazaki,"Daveigh Chase, Suzanne Pleshette, Miyu Irino",1.5K,211,96,"$19,000,000 (estimated)","$355,629,377",U,510
221,Terminator 2: Judgment Day,8.6,1991,2h 17m,"Action, Sci-Fi",James Cameron,"A cyborg, identical to the one who failed to kill Sarah Connor, must now protect her ten-year-old son John from a more advanced and powerful cyborg.","James Cameron, William Wisher","Arnold Schwarzenegger, Linda Hamilton, Edward Furlong",1.4K,303,75,"$102,000,000 (estimated)","$520,881,154",A,546
222,Life Is Beautiful,8.6,1997,1h 56m,"Comedy, Drama, Romance",Roberto Benigni,"When an open-minded Jewish waiter and his son become victims of the Holocaust, he uses a perfect mixture of will, humor, and imagination to protect his son from the dangers around their camp.","Vincenzo Cerami, Roberto Benigni","Roberto Benigni, Nicoletta Braschi, Giorgio Cantarini",1.4K,152,59,"$20,000,000 (estimated)","$230,098,753",U,617
223,Interstellar,8.7,2014,2h 49m,"Adventure, Drama, Sci-Fi",Christopher Nolan,A team of explorers travel through a wormhole in space in an attempt to ensure humanity's survival.,"Jonathan Nolan, Christopher Nolan","Matthew McConaughey, Anne Hathaway, Jessica Chastain",4.9K,627,74,"$165,000,000 (estimated)","$701,729,206",UA,105
224,The Green Mile,8.6,1999,3h 9m,"Crime, Drama, Fantasy",Frank Darabont,"The lives of guards on Death Row are affected by one of their charges: a black man accused of child murder and rape, yet who has a mysterious gift.","Stephen King, Frank Darabont","Tom Hanks, Michael Clarke Duncan, David Morse",2K,207,61,"$60,000,000 (estimated)","$286,801,374",UA,143
225,Star Wars,8.6,1977,2h 1m,"Action, Adventure, Fantasy",George Lucas,"Luke Skywalker joins forces with a Jedi Knight, a cocky pilot, a Wookiee and two droids to save the galaxy from the Empire's world-destroying battle station, while also attempting to rescue Princess Leia from the mysterious Darth Vader.",George Lucas,"Mark Hamill, Harrison Ford, Carrie Fisher",2K,206,90,"$11,000,000 (estimated)","$775,398,007",UA,224
226,Back to the Future,8.6,1985,1h 56m,"Adventure, Comedy, Sci-Fi",Robert Zemeckis,"Marty McFly, a 17-year-old high school student, is accidentally sent thirty years into the past in a time-traveling DeLorean invented by his close friend, the eccentric scientist Doc Brown.","Robert Zemeckis, Bob Gale","Michael J. Fox, Christopher Lloyd, Lea Thompson",1.3K,258,87,"$19,000,000 (estimated)","$383,336,762",U,209
227,The Silence of the Lambs,8.6,1991,1h 58m,"Crime, Drama, Thriller",Jonathan Demme,"A young F.B.I. cadet must receive the help of an incarcerated and manipulative cannibal killer to help catch another serial killer, a madman who skins his victims.","Thomas Harris, Ted Tally","Jodie Foster, Anthony Hopkins, Lawrence A. Bonney",1.5K,245,85,"$19,000,000 (estimated)","$272,742,922",A,159
228,Saving Private Ryan,8.6,1998,2h 49m,"Drama, War",Steven Spielberg,"Following the Normandy Landings, a group of U.S. soldiers go behind enemy lines to retrieve a paratrooper whose brothers have been killed in action.",Robert Rodat,"Tom Hanks, Matt Damon, Tom Sizemore",2.8K,267,91,"$70,000,000 (estimated)","$482,349,603",A,253
229,It's a Wonderful Life,8.7,1946,2h 10m,"Drama, Family, Fantasy",Frank Capra,An angel is sent from Heaven to help a desperately frustrated businessman by showing him what life would have been like if he had never existed.,"Frances Goodrich, Albert Hackett, Frank Capra","James Stewart, Donna Reed, Lionel Barrymore",1K,193,89,"$3,180,000 (estimated)","$6,184,298",PG,"1,265"
230,Shichinin No Samurai,8.7,1954,3h 27m,"Action, Drama",Akira Kurosawa,A poor village under attack by bandits recruits seven unemployed samurai to help them defend themselves.,"Akira Kurosawa, Shinobu Hashimoto, Hideo Oguni","Toshirô Mifune, Takashi Shimura, Keiko Tsushima",791,127,98,"¥125,000,000 (estimated)","$346,258",U,"1,406"
231,City of God,8.6,2002,2h 10m,"Crime, Drama","Fernando Meirelles, Kátia Lund","In the slums of Rio, two kids' paths diverge as one struggles to become a photographer and the other a kingpin.","Paulo Lins, Bráulio Mantovani","Alexandre Rodrigues, Leandro Firmino, Matheus Nachtergaele",1.1K,212,79,"R$3,300,000 (estimated)","$30,680,793",A,588
232,Fight Club,8.8,1999,2h 19m,Drama,David Fincher,An insomniac office worker and a devil-may-care soap maker form an underground fight club that evolves into much more.,"Chuck Palahniuk, Jim Uhls","Brad Pitt, Edward Norton, Meat Loaf",4.2K,368,66,"$63,000,000 (estimated)","$101,209,702",A,155
233,Se7en,8.6,1995,2h 7m,"Crime, Drama, Mystery",David Fincher,"Two detectives, a rookie and a veteran, hunt a serial killer who uses the seven deadly sins as his motives.",Andrew Kevin Walker,"Morgan Freeman, Brad Pitt, Kevin Spacey",1.7K,177,65,"$33,000,000 (estimated)","$327,333,559",A,150
234,Goodfellas,8.7,1990,2h 25m,"Biography, Crime, Drama",Martin Scorsese,"The story of Henry Hill and his life in the mob, covering his relationship with his wife Karen Hill and his mob partners Jimmy Conway and Tommy DeVito in the Italian-American crime syndicate.","Nicholas Pileggi, Martin Scorsese","Robert De Niro, Ray Liotta, Joe Pesci",1.5K,156,90,"$25,000,000 (estimated)","$47,036,784",A,198
235,One Flew Over the Cuckoo's Nest,8.7,1975,2h 13m,Drama,Milos Forman,"A criminal pleads insanity and is admitted to a mental institution, where he rebels against the oppressive nurse and rallies up the scared patients.","Lawrence Hauben, Bo Goldman, Ken Kesey","Jack Nicholson, Louise Fletcher, Michael Berryman",1.1K,177,84,"$3,000,000 (estimated)","$109,114,817",A,386
236,The Matrix,8.7,1999,2h 16m,"Action, Sci-Fi","Lana Wachowski, Lilly Wachowski","When a beautiful stranger leads computer hacker Neo to a forbidding underworld, he discovers the shocking truth--the life he knows is the elaborate deception of an evil cyber-intelligence.","Lilly Wachowski, Lana Wachowski","Keanu Reeves, Laurence Fishburne, Carrie-Anne Moss",4.8K,249,73,"$63,000,000 (estimated)","$467,222,728",A,207
237,Star Wars: Episode V - The Empire Strikes Back,8.7,1980,2h 4m,"Action, Adventure, Fantasy",Irvin Kershner,"After the Rebels are brutally overpowered by the Empire on the ice planet Hoth, Luke Skywalker begins Jedi training with Yoda, while his friends are pursued across the galaxy by Darth Vader and bounty hunter Boba Fett.","Leigh Brackett, Lawrence Kasdan, George Lucas","Mark Hamill, Harrison Ford, Carrie Fisher",1.3K,234,82,"$18,000,000 (estimated)","$538,375,067",UA,704
238,Inception,8.8,2010,2h 28m,"Action, Adventure, Sci-Fi",Christopher Nolan,"A thief who steals corporate secrets through the use of dream-sharing technology is given the inverse task of planting an idea into the mind of a C.E.O., but his tragic past may doom the project and his team to disaster.",Christopher Nolan,"Leonardo DiCaprio, Joseph Gordon-Levitt, Elliot Page",4.5K,480,74,"$160,000,000 (estimated)","$836,848,102",UA,126
239,The Lord of the Rings: The Two Towers,8.8,2002,2h 59m,"Action, Adventure, Drama",Peter Jackson,"While Frodo and Sam edge closer to Mordor with the help of the shifty Gollum, the divided fellowship makes a stand against Sauron's new ally, Saruman, and his hordes of Isengard.","J.R.R. Tolkien, Fran Walsh, Philippa Boyens","Elijah Wood, Ian McKellen, Viggo Mortensen",2.6K,313,87,"$94,000,000 (estimated)","$947,896,241",UA,506
240,"Il Buono, Il Brutto, Il Cattivo",8.8,1966,2h 41m,"Adventure, Western",Sergio Leone,A bounty hunting scam joins two men in an uneasy alliance against a third in a race to find a fortune in gold buried in a remote cemetery.,"Luciano Vincenzoni, Sergio Leone, Agenore Incrocci","Clint Eastwood, Eli Wallach, Lee Van Cleef",1.2K,151,90,"$1,200,000 (estimated)","$25,253,751",A,613
241,Schindler's List,9.0,1993,3h 15m,"Biography, Drama, History",Steven Spielberg,"In German-occupied Poland during World War II, industrialist Oskar Schindler gradually becomes concerned for his Jewish workforce after witnessing their persecution by the Nazis.","Thomas Keneally, Steven Zaillian","Liam Neeson, Ralph Fiennes, Ben Kingsley",2.1K,169,94,"$22,000,000 (estimated)","$322,161,245",A,141
242,12 Angry Men,9.0,1957,1h 36m,"Crime, Drama",Sidney Lumet,The jury in a New York City murder trial is frustrated by a single member whose skeptical caution forces them to more carefully consider the evidence before jumping to a hasty verdict.,Reginald Rose,"Henry Fonda, Lee J. Cobb, Martin Balsam",1.9K,150,96,"$350,000 (estimated)",$955,U,294
243,Forrest Gump,8.8,1994,2h 22m,"Drama, Romance",Robert Zemeckis,"The presidencies of Kennedy and Johnson, the Vietnam War, the Watergate scandal and other historical events unfold from the perspective of an Alabama man with an IQ of 75, whose only desire is to be reunited with his childhood sweetheart.","Winston Groom, Eric Roth","Tom Hanks, Robin Wright, Gary Sinise",2.8K,168,82,"$55,000,000 (estimated)","$678,226,133",UA,158
244,The Lord of the Rings: The Return of the King,9.0,2003,3h 21m,"Action, Adventure, Drama",Peter Jackson,Gandalf and Aragorn lead the World of Men against Sauron's army to draw his gaze from Frodo and Sam as they approach Mount Doom with the One Ring.,"J.R.R. Tolkien, Fran Walsh, Philippa Boyens","Elijah Wood, Viggo Mortensen, Ian McKellen",4K,339,94,"$94,000,000 (estimated)","$1,146,436,214",U,271
245,The Lord of the Rings: The Fellowship of the Ring,8.9,2001,2h 58m,"Action, Adventure, Drama",Peter Jackson,A meek Hobbit from the Shire and eight companions set out on a journey to destroy the powerful One Ring and save Middle-earth from the Dark Lord Sauron.,"J.R.R. Tolkien, Fran Walsh, Philippa Boyens","Elijah Wood, Ian McKellen, Orlando Bloom",5.6K,211,92,"$93,000,000 (estimated)","$898,094,742",U,161
246,Pulp Fiction,8.9,1994,2h 34m,"Crime, Drama",Quentin Tarantino,"The lives of two mob hitmen, a boxer, a gangster and his wife, and a pair of diner bandits intertwine in four tales of violence and redemption.","Quentin Tarantino, Roger Avary","John Travolta, Uma Thurman, Samuel L. Jackson",3.4K,293,94,"$8,000,000 (estimated)","$213,928,762",A,131
247,The Godfather: Part II,9.0,1974,3h 22m,"Crime, Drama",Francis Ford Coppola,"The early life and career of Vito Corleone in 1920s New York City is portrayed, while his son, Michael, expands and tightens his grip on the family crime syndicate.","Francis Ford Coppola, Mario Puzo","Al Pacino, Robert De Niro, Robert Duvall",1.2K,179,90,"$13,000,000 (estimated)","$47,960,785",A,233
248,The Godfather,9.2,1972,2h 55m,"Crime, Drama",Francis Ford Coppola,The aging patriarch of an organized crime dynasty in postwar New York City transfers control of his clandestine empire to his reluctant youngest son.,"Mario Puzo, Francis Ford Coppola","Marlon Brando, Al Pacino, James Caan",4.8K,265,100,"$6,000,000 (estimated)","$250,125,260",A,45
249,The Dark Knight,9.1,2008,2h 32m,"Action, Crime, Drama",Christopher Nolan,"When the menace known as the Joker wreaks havoc and chaos on the people of Gotham, Batman must accept one of the greatest psychological and physical tests of his ability to fight injustice.","Jonathan Nolan, Christopher Nolan, David S. Goyer","Christian Bale, Heath Ledger, Aaron Eckhart",8K,431,84,"$185,000,000 (estimated)","$1,006,102,277",UA,20
